frame_no,time (ms),pos_pixel_x-hotpink,pos_pixel_y-hotpink,r_x-hotpink,r_y-hotpink,v_x-hotpink,v_y-hotpink,a_x-hotpink,a_y-hotpink
907,10074,504,180,0.4536,0.162,,,,
908,10083,508,180,0.4572,0.162,,,,
909,10097,516,180,0.4644,0.162,,,,
910,10109,522,180,0.4698,0.162,,,,
911,10118,530,180,0.477,0.162,,,,
912,10133,538,182,0.48419999999999996,0.1638,,,,
913,10143,546,182,0.4914,0.1638,,,,
914,10154,554,182,0.4986,0.1638,,,,
915,10164,562,182,0.5058,0.1638,,,,
916,10171,572,184,0.5148,0.1656,,,,
917,10183,580,184,0.522,0.1656,,,,
918,10193,590,186,0.531,0.1674,,,,
919,10204,598,188,0.5382,0.1692,,,,
920,10216,606,188,0.5454,0.1692,,,,
921,10228,616,190,0.5544,0.17099999999999999,,,,
922,10237,624,192,0.5616,0.1728,,,,
923,10250,630,194,0.567,0.1746,,,,
924,10260,638,196,0.5741999999999999,0.1764,,,,
925,10272,644,196,0.5796,0.1764,,,,
926,10282,650,198,0.585,0.1782,,,,
927,10293,656,200,0.5904,0.18,,,,
928,10304,662,202,0.5958,0.1818,,,,
929,10315,666,204,0.5993999999999999,0.18359999999999999,,,,
930,10328,670,208,0.603,0.1872,,,,
931,10337,672,210,0.6048,0.189,,,,
932,10349,674,212,0.6066,0.1908,,,,
933,10359,676,214,0.6083999999999999,0.1926,,,,
934,10371,678,218,0.6102,0.19619999999999999,,,,
935,10384,676,220,0.6083999999999999,0.19799999999999998,,,,
936,10394,676,222,0.6083999999999999,0.1998,,,,
937,10406,676,226,0.6083999999999999,0.2034,,,,
938,10415,672,228,0.6048,0.2052,,,,
939,10428,670,232,0.603,0.20879999999999999,,,,
940,10437,666,234,0.5993999999999999,0.21059999999999998,,,,
941,10449,,,,,,,,
942,10461,658,240,0.5922,0.216,,,,
943,10472,652,242,0.5868,0.2178,,,,
944,10492,646,244,0.5814,0.2196,,,,
945,10496,638,248,0.5741999999999999,0.22319999999999998,,,,
946,10503,632,250,0.5688,0.225,,,,
947,10517,624,252,0.5616,0.2268,,,,
948,10526,618,254,0.5562,0.2286,,,,
949,10538,610,256,0.5489999999999999,0.2304,,,,
950,10552,602,260,0.5418,0.23399999999999999,,,,
951,10560,594,262,0.5346,0.23579999999999998,,,,
952,10572,586,264,0.5274,0.2376,,,,
953,10581,578,266,0.5202,0.2394,,,,
954,10594,570,268,0.513,0.2412,,,,
955,10604,562,270,0.5058,0.243,,,,
956,10614,554,272,0.4986,0.2448,,,,
957,10629,546,274,0.4914,0.24659999999999999,,,,
958,10638,536,320,0.4824,0.288,,,,
959,10648,528,322,0.4752,0.2898,,,,
960,10661,522,324,0.4698,0.29159999999999997,,,,
961,10671,514,326,0.4626,0.2934,,,,
962,10681,510,326,0.45899999999999996,0.2934,,,,
963,10692,504,328,0.4536,0.2952,,,,
964,10704,500,330,0.45,0.297,,,,
965,10715,500,288,0.45,0.2592,,,,
966,10727,492,332,0.44279999999999997,0.2988,,,,
967,10737,490,332,0.441,0.2988,,,,
968,10750,488,334,0.4392,0.3006,,,,
969,10760,492,292,0.44279999999999997,0.2628,,,,
970,10772,486,336,0.4374,0.3024,,,,
971,10781,490,294,0.441,0.2646,,,,
972,10794,488,336,0.4392,0.3024,,,,
973,10804,488,338,0.4392,0.30419999999999997,,,,
974,10816,494,296,0.4446,0.26639999999999997,,,,
975,10826,494,340,0.4446,0.306,,,,
976,10840,500,298,0.45,0.2682,,,,
977,10848,504,298,0.4536,0.2682,,,,
978,10864,508,298,0.4572,0.2682,,,,
979,10870,510,340,0.45899999999999996,0.306,,,,
980,10890,518,298,0.4662,0.2682,,,,
981,10896,520,340,0.46799999999999997,0.306,,,,
982,10905,528,340,0.4752,0.306,,,,
983,10915,534,340,0.48059999999999997,0.306,,,,
984,10926,546,298,0.4914,0.2682,,,,
985,10938,554,298,0.4986,0.2682,,,,
986,10951,562,298,0.5058,0.2682,,,,
987,10960,564,340,0.5075999999999999,0.306,,,,
988,10973,572,338,0.5148,0.30419999999999997,,,,
989,10982,580,338,0.522,0.30419999999999997,,,,
990,10993,594,294,0.5346,0.2646,,,,
991,11003,602,292,0.5418,0.2628,,,,
992,11017,604,336,0.5436,0.3024,,,,
993,11026,616,290,0.5544,0.261,,,,
994,11037,624,288,0.5616,0.2592,,,,
995,11052,632,286,0.5688,0.2574,,,,
996,11060,638,284,0.5741999999999999,0.2556,,,,
997,11072,644,282,0.5796,0.25379999999999997,,,,
998,11083,650,280,0.585,0.252,,,,
999,11096,656,278,0.5904,0.2502,,,,
1000,11107,660,276,0.594,0.24839999999999998,,,,
1001,11115,664,274,0.5976,0.24659999999999999,,,,
1002,11127,668,272,0.6012,0.2448,,,,
1003,11144,670,270,0.603,0.243,,,,
1004,11152,672,266,0.6048,0.2394,,,,
1005,11161,674,264,0.6066,0.2376,,,,
1006,11172,674,260,0.6066,0.23399999999999999,,,,
1007,11181,674,258,0.6066,0.2322,,,,
1008,11193,674,256,0.6066,0.2304,,,,
1009,11204,672,252,0.6048,0.2268,,,,
1010,11216,670,248,0.603,0.22319999999999998,,,,
1011,11227,666,246,0.5993999999999999,0.22139999999999999,,,,
1012,11239,664,242,0.5976,0.2178,,,,
1013,11250,658,238,0.5922,0.2142,,,,
1014,11259,654,236,0.5886,0.2124,,,,
1015,11270,648,232,0.5831999999999999,0.20879999999999999,,,,
1016,11283,642,228,0.5778,0.2052,,,,
1017,11297,636,226,0.5724,0.2034,,,,
1018,11306,628,222,0.5652,0.1998,,,,
1019,11317,620,220,0.5579999999999999,0.19799999999999998,,,,
1020,11328,614,216,0.5526,0.1944,,,,
1021,11342,606,214,0.5454,0.1926,,,,
1022,11349,596,210,0.5364,0.189,,,,
1023,11365,588,208,0.5292,0.1872,,,,
1024,11375,580,204,0.522,0.18359999999999999,,,,
1025,11385,572,202,0.5148,0.1818,,,,
1026,11395,564,200,0.5075999999999999,0.18,,,,
1027,11405,554,196,0.4986,0.1764,,,,
1028,11415,546,194,0.4914,0.1746,,,,
1029,11426,540,192,0.486,0.1728,,,,
1030,11437,532,188,0.4788,0.1692,,,,
1031,11449,524,186,0.47159999999999996,0.1674,,,,
1032,11460,518,184,0.4662,0.1656,,,,
1033,11470,512,182,0.4608,0.1638,,,,
1034,11481,506,180,0.45539999999999997,0.162,,,,
1035,11496,500,178,0.45,0.1602,,,,
1036,11505,496,176,0.44639999999999996,0.15839999999999999,,,,
1037,11515,492,176,0.44279999999999997,0.15839999999999999,,,,
1038,11525,490,174,0.441,0.1566,,,,
1039,11538,488,172,0.4392,0.1548,,,,
1040,11549,486,170,0.4374,0.153,,,,
1041,11559,486,170,0.4374,0.153,,,,
1042,11571,486,170,0.4374,0.153,,,,
1043,11584,486,168,0.4374,0.1512,,,,
1044,11593,488,168,0.4392,0.1512,,,,
1045,11605,490,168,0.441,0.1512,,,,
1046,11617,492,166,0.44279999999999997,0.1494,,,,
1047,11626,496,166,0.44639999999999996,0.1494,,,,
1048,11637,500,166,0.45,0.1494,,,,
1049,11648,506,166,0.45539999999999997,0.1494,,,,
1050,11660,510,168,0.45899999999999996,0.1512,,,,
1051,11671,516,168,0.4644,0.1512,,,,
1052,11687,524,168,0.47159999999999996,0.1512,,,,
1053,11700,530,168,0.477,0.1512,,,,
1054,11709,538,170,0.48419999999999996,0.153,,,,
1055,11718,546,170,0.4914,0.153,,,,
1056,11726,554,172,0.4986,0.1548,,,,
1057,11737,562,172,0.5058,0.1548,,,,
1058,11751,570,174,0.513,0.1566,,,,
1059,11760,578,176,0.5202,0.15839999999999999,,,,
1060,11775,588,178,0.5292,0.1602,,,,
1061,11783,596,180,0.5364,0.162,,,,
1062,11792,604,182,0.5436,0.1638,,,,
1063,11804,612,184,0.5508,0.1656,,,,
1064,11814,620,186,0.5579999999999999,0.1674,,,,
1065,11825,628,188,0.5652,0.1692,,,,
1066,11837,634,192,0.5706,0.1728,,,,
1067,11849,640,194,0.576,0.1746,,,,
1068,11860,646,196,0.5814,0.1764,,,,
1069,11870,652,200,0.5868,0.18,,,,
1070,11882,656,202,0.5904,0.1818,,,,
1071,11893,660,204,0.594,0.18359999999999999,,,,
1072,11904,664,208,0.5976,0.1872,,,,
1073,11917,668,210,0.6012,0.189,,,,
1074,11932,670,214,0.603,0.1926,,,,
1075,11938,672,218,0.6048,0.19619999999999999,,,,
1076,11950,672,220,0.6048,0.19799999999999998,,,,
1077,11962,672,224,0.6048,0.2016,,,,
1078,11975,672,228,0.6048,0.2052,,,,
1079,11982,672,230,0.6048,0.207,,,,
1080,11996,670,234,0.603,0.21059999999999998,,,,
1081,12004,666,238,0.5993999999999999,0.2142,,,,
1082,12014,664,240,0.5976,0.216,,,,
1083,12026,660,244,0.594,0.2196,,,,
1084,12037,654,246,0.5886,0.22139999999999999,,,,
1085,12048,650,250,0.585,0.225,,,,
1086,12060,644,254,0.5796,0.2286,,,,
1087,12070,638,256,0.5741999999999999,0.2304,,,,
1088,12081,632,258,0.5688,0.2322,,,,
1089,12092,624,262,0.5616,0.23579999999999998,,,,
1090,12104,618,264,0.5562,0.2376,,,,
1091,12115,610,268,0.5489999999999999,0.2412,,,,
1092,12126,602,270,0.5418,0.243,,,,
1093,12137,594,272,0.5346,0.2448,,,,
1094,12149,,,,,,,,
1095,12159,578,278,0.5202,0.2502,,,,
1096,12172,570,280,0.513,0.252,,,,
1097,12181,562,282,0.5058,0.25379999999999997,,,,
1098,12193,556,284,0.5004,0.2556,,,,
1099,12205,544,330,0.4896,0.297,,,,
1100,12214,538,332,0.48419999999999996,0.2988,,,,
1101,12226,530,334,0.477,0.3006,,,,
1102,12238,524,336,0.47159999999999996,0.3024,,,,
1103,12248,522,294,0.4698,0.2646,,,,
1104,12265,516,296,0.4644,0.26639999999999997,,,,
1105,12275,512,298,0.4608,0.2682,,,,
1106,12282,502,342,0.4518,0.3078,,,,
1107,12294,498,342,0.4482,0.3078,,,,
1108,12304,496,344,0.44639999999999996,0.3096,,,,
1109,12315,492,344,0.44279999999999997,0.3096,,,,
1110,12326,490,346,0.441,0.3114,,,,
1111,12337,494,304,0.4446,0.2736,,,,
1112,12348,488,346,0.4392,0.3114,,,,
1113,12360,488,348,0.4392,0.3132,,,,
1114,12373,492,306,0.44279999999999997,0.2754,,,,
1115,12383,494,306,0.4446,0.2754,,,,
1116,12392,496,308,0.44639999999999996,0.2772,,,,
1117,12406,494,350,0.4446,0.315,,,,
1118,12414,502,308,0.4518,0.2772,,,,
1119,12429,500,350,0.45,0.315,,,,
1120,12437,510,308,0.45899999999999996,0.2772,,,,
1121,12448,514,308,0.4626,0.2772,,,,
1122,12459,520,308,0.46799999999999997,0.2772,,,,
1123,12470,520,350,0.46799999999999997,0.315,,,,
1124,12482,526,350,0.4734,0.315,,,,
1125,12497,534,350,0.48059999999999997,0.315,,,,
1126,12504,540,350,0.486,0.315,,,,
1127,12515,546,348,0.4914,0.3132,,,,
1128,12526,554,348,0.4986,0.3132,,,,
1129,12538,562,346,0.5058,0.3114,,,,
1130,12548,570,346,0.513,0.3114,,,,
1131,12559,582,300,0.5237999999999999,0.27,,,,
1132,12570,590,298,0.531,0.2682,,,,
1133,12581,598,296,0.5382,0.26639999999999997,,,,
1134,12592,606,294,0.5454,0.2646,,,,
1135,12604,614,292,0.5526,0.2628,,,,
1136,12617,620,290,0.5579999999999999,0.261,,,,
1137,12625,628,288,0.5652,0.2592,,,,
1138,12637,634,286,0.5706,0.2574,,,,
1139,12649,640,284,0.576,0.2556,,,,
1140,12664,646,282,0.5814,0.25379999999999997,,,,
1141,12670,652,278,0.5868,0.2502,,,,
1142,12681,656,276,0.5904,0.24839999999999998,,,,
1143,12694,660,274,0.594,0.24659999999999999,,,,
1144,12709,664,270,0.5976,0.243,,,,
1145,12720,668,268,0.6012,0.2412,,,,
1146,12726,670,264,0.603,0.2376,,,,
1147,12738,672,262,0.6048,0.23579999999999998,,,,
1148,12749,672,258,0.6048,0.2322,,,,
1149,12760,672,254,0.6048,0.2286,,,,
1150,12770,672,250,0.6048,0.225,,,,
1151,12781,670,246,0.603,0.22139999999999999,,,,
1152,12792,668,242,0.6012,0.2178,,,,
1153,12804,666,238,0.5993999999999999,0.2142,,,,
1154,12814,662,234,0.5958,0.21059999999999998,,,,
1155,12831,658,230,0.5922,0.207,,,,
1156,12837,654,226,0.5886,0.2034,,,,
1157,12848,648,224,0.5831999999999999,0.2016,,,,
1158,12865,642,220,0.5778,0.19799999999999998,,,,
1159,12872,636,216,0.5724,0.1944,,,,
1160,12884,630,212,0.567,0.1908,,,,
1161,12896,622,210,0.5598,0.189,,,,
1162,12903,614,206,0.5526,0.18539999999999998,,,,
1163,12915,608,204,0.5472,0.18359999999999999,,,,
1164,12930,600,200,0.54,0.18,,,,
1165,12936,592,198,0.5327999999999999,0.1782,,,,
1166,12951,584,194,0.5256,0.1746,,,,
1167,12959,576,192,0.5184,0.1728,,,,
1168,12972,566,188,0.5094,0.1692,,,,
1169,12982,558,186,0.5022,0.1674,,,,
1170,12993,550,182,0.495,0.1638,,,,
1171,13004,544,178,0.4896,0.1602,,,,
1172,13029,536,176,0.4824,0.15839999999999999,,,,
1173,13035,528,174,0.4752,0.1566,,,,
1174,13038,522,170,0.4698,0.153,,,,
1175,13051,516,168,0.4644,0.1512,,,,
1176,13059,510,166,0.45899999999999996,0.1494,,,,
1177,13071,504,164,0.4536,0.1476,,,,
1178,13083,500,164,0.45,0.1476,,,,
1179,13092,496,162,0.44639999999999996,0.14579999999999999,,,,
1180,13105,492,162,0.44279999999999997,0.14579999999999999,,,,
1181,13114,490,160,0.441,0.144,,,,
1182,13128,488,160,0.4392,0.144,,,,
1183,13136,488,158,0.4392,0.1422,,,,
1184,13149,488,158,0.4392,0.1422,,,,
1185,13160,488,158,0.4392,0.1422,,,,
1186,13176,490,158,0.441,0.1422,,,,
1187,13182,492,158,0.44279999999999997,0.1422,,,,
1188,13193,496,158,0.44639999999999996,0.1422,,,,
1189,13209,498,156,0.4482,0.1404,,,,
1190,13215,502,158,0.4518,0.1422,,,,
1191,13230,508,158,0.4572,0.1422,,,,
1192,13238,512,158,0.4608,0.1422,,,,
1193,13248,518,158,0.4662,0.1422,,,,
1194,13258,522,160,0.4698,0.144,,,,
1195,13272,530,160,0.477,0.144,,,,
1196,13281,536,162,0.4824,0.14579999999999999,,,,
1197,13294,542,164,0.4878,0.1476,,,,
1198,13305,550,166,0.495,0.1494,,,,
1199,13315,558,168,0.5022,0.1512,,,,
1200,13326,566,168,0.5094,0.1512,,,,
1201,13339,574,170,0.5166,0.153,,,,
1202,13348,584,172,0.5256,0.1548,,,,
1203,13361,592,176,0.5327999999999999,0.15839999999999999,,,,
1204,13370,600,178,0.54,0.1602,,,,
1205,13385,608,180,0.5472,0.162,,,,
1206,13394,616,184,0.5544,0.1656,,,,
1207,13406,624,186,0.5616,0.1674,,,,
1208,13414,630,190,0.567,0.17099999999999999,,,,
1209,13425,636,192,0.5724,0.1728,,,,
1210,13436,642,196,0.5778,0.1764,,,,
1211,13448,646,200,0.5814,0.18,,,,
1212,13460,652,204,0.5868,0.18359999999999999,,,,
1213,13471,656,206,0.5904,0.18539999999999998,,,,
1214,13482,660,210,0.594,0.189,,,,
1215,13494,662,212,0.5958,0.1908,,,,
1216,13504,664,216,0.5976,0.1944,,,,
1217,13525,666,220,0.5993999999999999,0.19799999999999998,,,,
1218,13528,668,222,0.6012,0.1998,,,,
1219,13540,668,226,0.6012,0.2034,,,,
1220,13549,668,230,0.6012,0.207,,,,
1221,13563,668,234,0.6012,0.21059999999999998,,,,
1222,13573,666,238,0.5993999999999999,0.2142,,,,
1223,13582,664,242,0.5976,0.2178,,,,
1224,13593,662,246,0.5958,0.22139999999999999,,,,
1225,13604,658,250,0.5922,0.225,,,,
1226,13614,654,252,0.5886,0.2268,,,,
1227,13626,648,256,0.5831999999999999,0.2304,,,,
1228,13638,644,260,0.5796,0.23399999999999999,,,,
1229,13650,638,264,0.5741999999999999,0.2376,,,,
1230,13661,632,266,0.5688,0.2394,,,,
1231,13670,626,270,0.5634,0.243,,,,
1232,13684,618,272,0.5562,0.2448,,,,
1233,13693,612,276,0.5508,0.24839999999999998,,,,
1234,13704,604,278,0.5436,0.2502,,,,
1235,13716,596,280,0.5364,0.252,,,,
1236,13727,,,,,,,,
1237,13742,582,286,0.5237999999999999,0.2574,,,,
1238,13749,574,288,0.5166,0.2592,,,,
1239,13771,,,,,,,,
1240,13779,558,294,0.5022,0.2646,,,,
1241,13789,546,340,0.4914,0.306,,,,
1242,13796,540,342,0.486,0.3078,,,,
1243,13805,532,344,0.4788,0.3096,,,,
1244,13817,530,302,0.477,0.2718,,,,
1245,13830,520,346,0.46799999999999997,0.3114,,,,
1246,13839,520,306,0.46799999999999997,0.2754,,,,
1247,13849,510,350,0.45899999999999996,0.315,,,,
1248,13861,506,350,0.45539999999999997,0.315,,,,
1249,13870,502,352,0.4518,0.31679999999999997,,,,
1250,13886,504,312,0.4536,0.2808,,,,
1251,13894,500,312,0.45,0.2808,,,,
1252,13906,492,354,0.44279999999999997,0.3186,,,,
1253,13917,496,314,0.44639999999999996,0.2826,,,,
1254,13926,494,314,0.4446,0.2826,,,,
1255,13938,494,314,0.4446,0.2826,,,,
1256,13948,490,358,0.441,0.3222,,,,
1257,13959,490,358,0.441,0.3222,,,,
1258,13971,496,316,0.44639999999999996,0.2844,,,,
1259,13982,498,316,0.4482,0.2844,,,,
1260,13993,502,316,0.4518,0.2844,,,,
1261,14004,504,316,0.4536,0.2844,,,,
1262,14015,508,314,0.4572,0.2826,,,,
1263,14026,508,358,0.4572,0.3222,,,,
1264,14039,518,314,0.4662,0.2826,,,,
1265,14048,524,314,0.47159999999999996,0.2826,,,,
1266,14061,524,356,0.47159999999999996,0.3204,,,,
1267,14070,530,356,0.477,0.3204,,,,
1268,14085,542,312,0.4878,0.2808,,,,
1269,14094,544,354,0.4896,0.3186,,,,
1270,14107,552,352,0.49679999999999996,0.31679999999999997,,,,
1271,14116,564,308,0.5075999999999999,0.2772,,,,
1272,14126,566,350,0.5094,0.315,,,,
1273,14137,580,304,0.522,0.2736,,,,
1274,14155,588,302,0.5292,0.2718,,,,
1275,14165,594,300,0.5346,0.27,,,,
1276,14171,602,296,0.5418,0.26639999999999997,,,,
1277,14183,610,294,0.5489999999999999,0.2646,,,,
1278,14192,618,292,0.5562,0.2628,,,,
1279,14205,626,288,0.5634,0.2592,,,,
1280,14220,632,286,0.5688,0.2574,,,,
1281,14229,638,284,0.5741999999999999,0.2556,,,,
1282,14237,644,280,0.5796,0.252,,,,
1283,14250,650,278,0.585,0.2502,,,,
1284,14263,654,274,0.5886,0.24659999999999999,,,,
1285,14270,658,272,0.5922,0.2448,,,,
1286,14282,660,268,0.594,0.2412,,,,
1287,14295,664,266,0.5976,0.2394,,,,
1288,14304,666,262,0.5993999999999999,0.23579999999999998,,,,
1289,14315,668,258,0.6012,0.2322,,,,
1290,14328,670,254,0.603,0.2286,,,,
1291,14337,670,250,0.603,0.225,,,,
1292,14349,670,246,0.603,0.22139999999999999,,,,
1293,14359,670,240,0.603,0.216,,,,
1294,14372,668,236,0.6012,0.2124,,,,
1295,14381,666,232,0.5993999999999999,0.20879999999999999,,,,
1296,14392,662,228,0.5958,0.2052,,,,
1297,14403,658,224,0.5922,0.2016,,,,
1298,14414,654,222,0.5886,0.1998,,,,
1299,14430,650,218,0.585,0.19619999999999999,,,,
1300,14437,644,214,0.5796,0.1926,,,,
1301,14449,638,210,0.5741999999999999,0.189,,,,
1302,14462,630,206,0.567,0.18539999999999998,,,,
1303,14470,624,202,0.5616,0.1818,,,,
1304,14482,618,198,0.5562,0.1782,,,,
1305,14494,610,196,0.5489999999999999,0.1764,,,,
1306,14504,602,192,0.5418,0.1728,,,,
1307,14515,594,188,0.5346,0.1692,,,,
1308,14526,586,186,0.5274,0.1674,,,,
1309,14536,578,182,0.5202,0.1638,,,,
1310,14547,570,180,0.513,0.162,,,,
1311,14564,562,176,0.5058,0.15839999999999999,,,,
1312,14572,554,174,0.4986,0.1566,,,,
1313,14581,546,172,0.4914,0.1548,,,,
1314,14594,540,168,0.486,0.1512,,,,
1315,14604,532,166,0.4788,0.1494,,,,
1316,14618,526,164,0.4734,0.1476,,,,
1317,14629,520,162,0.46799999999999997,0.14579999999999999,,,,
1318,14637,514,160,0.4626,0.144,,,,
1319,14647,508,158,0.4572,0.1422,,,,
1320,14659,504,156,0.4536,0.1404,,,,
1321,14671,500,156,0.45,0.1404,,,,
1322,14681,498,154,0.4482,0.1386,,,,
1323,14694,496,154,0.44639999999999996,0.1386,,,,
1324,14705,494,152,0.4446,0.1368,,,,
1325,14714,492,152,0.44279999999999997,0.1368,,,,
1326,14726,492,152,0.44279999999999997,0.1368,,,,
1327,14737,492,152,0.44279999999999997,0.1368,,,,
1328,14747,492,152,0.44279999999999997,0.1368,,,,
1329,14759,494,152,0.4446,0.1368,,,,
1330,14771,496,152,0.44639999999999996,0.1368,,,,
1331,14782,500,154,0.45,0.1386,,,,
1332,14792,502,154,0.4518,0.1386,,,,
1333,14806,506,154,0.45539999999999997,0.1386,,,,
1334,14814,512,156,0.4608,0.1404,,,,
1335,14831,516,156,0.4644,0.1404,,,,
1336,14838,522,158,0.4698,0.1422,,,,
1337,14848,528,158,0.4752,0.1422,,,,
1338,14859,534,160,0.48059999999999997,0.144,,,,
1339,14871,542,162,0.4878,0.14579999999999999,,,,
1340,14881,550,164,0.495,0.1476,,,,
1341,14892,556,166,0.5004,0.1494,,,,
1342,14905,564,168,0.5075999999999999,0.1512,,,,
1343,14916,572,170,0.5148,0.153,,,,
1344,14927,580,174,0.522,0.1566,,,,
1345,14939,588,176,0.5292,0.15839999999999999,,,,
1346,14949,596,180,0.5364,0.162,,,,
1347,14959,604,182,0.5436,0.1638,,,,
1348,14970,610,186,0.5489999999999999,0.1674,,,,
1349,14982,618,188,0.5562,0.1692,,,,
1350,14992,624,192,0.5616,0.1728,,,,
1351,15003,632,196,0.5688,0.1764,,,,
1352,15016,638,198,0.5741999999999999,0.1782,,,,
1353,15027,642,202,0.5778,0.1818,,,,
1354,15039,648,206,0.5831999999999999,0.18539999999999998,,,,
1355,15048,652,208,0.5868,0.1872,,,,
1356,15060,656,212,0.5904,0.1908,,,,
1357,15072,660,216,0.594,0.1944,,,,
1358,15081,662,220,0.5958,0.19799999999999998,,,,
1359,15093,664,224,0.5976,0.2016,,,,
1360,15105,666,228,0.5993999999999999,0.2052,,,,
1361,15114,666,232,0.5993999999999999,0.20879999999999999,,,,
1362,15126,668,236,0.6012,0.2124,,,,
1363,15136,666,240,0.5993999999999999,0.216,,,,
1364,15148,666,244,0.5993999999999999,0.2196,,,,
1365,15161,664,248,0.5976,0.22319999999999998,,,,
1366,15174,662,252,0.5958,0.2268,,,,
1367,15186,658,256,0.5922,0.2304,,,,
1368,15195,654,260,0.5886,0.23399999999999999,,,,
1369,15203,650,264,0.585,0.2376,,,,
1370,15217,646,266,0.5814,0.2394,,,,
1371,15232,640,270,0.576,0.243,,,,
1372,15242,634,274,0.5706,0.24659999999999999,,,,
1373,15249,628,276,0.5652,0.24839999999999998,,,,
1374,15261,620,280,0.5579999999999999,0.252,,,,
1375,15270,614,282,0.5526,0.25379999999999997,,,,
1376,15281,608,284,0.5472,0.2556,,,,
1377,15293,600,288,0.54,0.2592,,,,
1378,15303,592,290,0.5327999999999999,0.261,,,,
1379,15315,580,338,0.522,0.30419999999999997,,,,
1380,15325,578,296,0.5202,0.26639999999999997,,,,
1381,15338,570,298,0.513,0.2682,,,,
1382,15348,558,344,0.5022,0.3096,,,,
1383,15360,556,302,0.5004,0.2718,,,,
1384,15371,544,348,0.4896,0.3132,,,,
1385,15382,542,308,0.4878,0.2772,,,,
1386,15393,534,308,0.48059999999999997,0.2772,,,,
1387,15405,524,354,0.47159999999999996,0.3186,,,,
1388,15420,518,356,0.4662,0.3204,,,,
1389,15428,512,356,0.4608,0.3204,,,,
1390,15439,506,358,0.45539999999999997,0.3222,,,,
1391,15448,502,358,0.4518,0.3222,,,,
1392,15460,498,360,0.4482,0.324,,,,
1393,15470,502,318,0.4518,0.2862,,,,
1394,15481,494,360,0.4446,0.324,,,,
1395,15495,492,362,0.44279999999999997,0.3258,,,,
1396,15504,490,362,0.441,0.3258,,,,
1397,15515,490,362,0.441,0.3258,,,,
1398,15527,494,320,0.4446,0.288,,,,
1399,15536,494,320,0.4446,0.288,,,,
1400,15548,496,320,0.44639999999999996,0.288,,,,
1401,15561,498,320,0.4482,0.288,,,,
1402,15572,500,318,0.45,0.2862,,,,
1403,15582,498,362,0.4482,0.3258,,,,
1404,15592,502,360,0.4518,0.324,,,,
1405,15606,510,318,0.45899999999999996,0.2862,,,,
1406,15614,510,360,0.45899999999999996,0.324,,,,
1407,15627,516,358,0.4644,0.3222,,,,
1408,15683,522,358,0.4698,0.3222,,,,
1409,15687,534,312,0.48059999999999997,0.2808,,,,
1410,15691,534,356,0.48059999999999997,0.3204,,,,
1411,15693,542,354,0.4878,0.3186,,,,
1412,15700,548,352,0.49319999999999997,0.31679999999999997,,,,
1413,15704,560,306,0.504,0.2754,,,,
1414,15716,564,348,0.5075999999999999,0.3132,,,,
1415,15730,572,346,0.5148,0.3114,,,,
1416,15740,578,344,0.5202,0.3096,,,,
1417,15746,592,298,0.5327999999999999,0.2682,,,,
1418,15754,600,294,0.54,0.2646,,,,
1419,15762,606,292,0.5454,0.2628,,,,
1420,15776,614,290,0.5526,0.261,,,,
1421,15784,622,286,0.5598,0.2574,,,,
1422,15799,628,282,0.5652,0.25379999999999997,,,,
1423,15807,634,280,0.5706,0.252,,,,
1424,15815,642,276,0.5778,0.24839999999999998,,,,
1425,15827,646,274,0.5814,0.24659999999999999,,,,
1426,15841,652,270,0.5868,0.243,,,,
1427,15850,656,266,0.5904,0.2394,,,,
1428,15862,,,,,,,,
1429,15874,662,260,0.5958,0.23399999999999999,,,,
1430,15881,666,256,0.5993999999999999,0.2304,,,,
1431,15893,666,252,0.5993999999999999,0.2268,,,,
1432,15904,668,246,0.6012,0.22139999999999999,,,,
1433,15915,670,244,0.603,0.2196,,,,
1434,15927,670,240,0.603,0.216,,,,
1435,15938,668,234,0.6012,0.21059999999999998,,,,
1436,15948,,,,,,,,
1437,15960,666,226,0.5993999999999999,0.2034,,,,
1438,15971,662,222,0.5958,0.1998,,,,
1439,15982,658,218,0.5922,0.19619999999999999,,,,
1440,15999,656,214,0.5904,0.1926,,,,
1441,16005,650,210,0.585,0.189,,,,
1442,16019,646,206,0.5814,0.18539999999999998,,,,
1443,16027,640,202,0.576,0.1818,,,,
1444,16039,634,200,0.5706,0.18,,,,
1445,16051,626,196,0.5634,0.1764,,,,
1446,16063,620,192,0.5579999999999999,0.1728,,,,
1447,16071,612,190,0.5508,0.17099999999999999,,,,
1448,16084,606,186,0.5454,0.1674,,,,
1449,16093,598,182,0.5382,0.1638,,,,
1450,16110,590,180,0.531,0.162,,,,
1451,16116,582,176,0.5237999999999999,0.15839999999999999,,,,
1452,16129,574,174,0.5166,0.1566,,,,
1453,16137,566,172,0.5094,0.1548,,,,
1454,16149,558,168,0.5022,0.1512,,,,
1455,16164,552,166,0.49679999999999996,0.1494,,,,
1456,16172,544,164,0.4896,0.1476,,,,
1457,16182,536,162,0.4824,0.14579999999999999,,,,
1458,16192,530,160,0.477,0.144,,,,
1459,16203,524,158,0.47159999999999996,0.1422,,,,
1460,16214,518,158,0.4662,0.1422,,,,
1461,16225,514,156,0.4626,0.1404,,,,
1462,16238,508,154,0.4572,0.1386,,,,
1463,16257,504,154,0.4536,0.1386,,,,
1464,16265,502,154,0.4518,0.1386,,,,
1465,16271,498,152,0.4482,0.1368,,,,
1466,16283,496,152,0.44639999999999996,0.1368,,,,
1467,16297,496,152,0.44639999999999996,0.1368,,,,
1468,16306,494,152,0.4446,0.1368,,,,
1469,16322,494,152,0.4446,0.1368,,,,
1470,16326,494,152,0.4446,0.1368,,,,
1471,16348,496,152,0.44639999999999996,0.1368,,,,
1472,16356,498,152,0.4482,0.1368,,,,
1473,16365,500,154,0.45,0.1386,,,,
1474,16372,502,154,0.4518,0.1386,,,,
1475,16382,506,156,0.45539999999999997,0.1404,,,,
1476,16394,510,158,0.45899999999999996,0.1422,,,,
1477,16404,516,158,0.4644,0.1422,,,,
1478,16415,522,160,0.4698,0.144,,,,
1479,16429,528,162,0.4752,0.14579999999999999,,,,
1480,16438,534,164,0.48059999999999997,0.1476,,,,
1481,16448,540,166,0.486,0.1494,,,,
1482,16461,548,168,0.49319999999999997,0.1512,,,,
1483,16472,554,170,0.4986,0.153,,,,
1484,16482,562,172,0.5058,0.1548,,,,
1485,16498,568,176,0.5112,0.15839999999999999,,,,
1486,16504,576,178,0.5184,0.1602,,,,
1487,16527,584,180,0.5256,0.162,,,,
1488,16533,592,184,0.5327999999999999,0.1656,,,,
1489,16540,598,186,0.5382,0.1674,,,,
1490,16554,606,190,0.5454,0.17099999999999999,,,,
1491,16561,614,194,0.5526,0.1746,,,,
1492,16574,620,198,0.5579999999999999,0.1782,,,,
1493,16588,626,200,0.5634,0.18,,,,
1494,16597,632,204,0.5688,0.18359999999999999,,,,
1495,16608,638,208,0.5741999999999999,0.1872,,,,
1496,16617,,,,,,,,
1497,16626,648,214,0.5831999999999999,0.1926,,,,
1498,16640,654,218,0.5886,0.19619999999999999,,,,
1499,16649,656,222,0.5904,0.1998,,,,
1500,16667,660,226,0.594,0.2034,,,,
1501,16676,662,230,0.5958,0.207,,,,
1502,16684,664,234,0.5976,0.21059999999999998,,,,
1503,16693,664,238,0.5976,0.2142,,,,
1504,16706,666,242,0.5993999999999999,0.2178,,,,
1505,16716,666,246,0.5993999999999999,0.22139999999999999,,,,
1506,16729,664,250,0.5976,0.225,,,,
1507,16737,664,254,0.5976,0.2286,,,,
1508,16753,660,258,0.594,0.2322,,,,
1509,16760,658,260,0.5922,0.23399999999999999,,,,
1510,16773,656,264,0.5904,0.2376,,,,
1511,16783,652,268,0.5868,0.2412,,,,
1512,16796,646,272,0.5814,0.2448,,,,
1513,16804,642,274,0.5778,0.24659999999999999,,,,
1514,16814,636,278,0.5724,0.2502,,,,
1515,16826,630,280,0.567,0.252,,,,
1516,16836,624,284,0.5616,0.2556,,,,
1517,16849,618,288,0.5562,0.2592,,,,
1518,16860,610,290,0.5489999999999999,0.261,,,,
1519,16872,604,292,0.5436,0.2628,,,,
1520,16883,596,294,0.5364,0.2646,,,,
1521,16892,588,298,0.5292,0.2682,,,,
1522,16905,580,300,0.522,0.27,,,,
1523,16915,572,302,0.5148,0.2718,,,,
1524,16928,566,304,0.5094,0.2736,,,,
1525,16936,558,306,0.5022,0.2754,,,,
1526,16949,546,352,0.4914,0.31679999999999997,,,,
1527,16960,540,354,0.486,0.3186,,,,
1528,16974,538,312,0.48419999999999996,0.2808,,,,
1529,16981,526,356,0.4734,0.3204,,,,
1530,16992,520,356,0.46799999999999997,0.3204,,,,
1531,17004,520,314,0.46799999999999997,0.2826,,,,
1532,17014,510,360,0.45899999999999996,0.324,,,,
1533,17026,504,358,0.4536,0.3222,,,,
1534,17038,506,316,0.45539999999999997,0.2844,,,,
1535,17048,496,362,0.44639999999999996,0.3258,,,,
1536,17060,494,362,0.4446,0.3258,,,,
1537,17073,492,362,0.44279999999999997,0.3258,,,,
1538,17081,496,318,0.44639999999999996,0.2862,,,,
1539,17093,494,318,0.4446,0.2862,,,,
1540,17104,490,360,0.441,0.324,,,,
1541,17115,494,318,0.4446,0.2862,,,,
1542,17127,490,360,0.441,0.324,,,,
1543,17138,496,316,0.44639999999999996,0.2844,,,,
1544,17151,494,360,0.4446,0.324,,,,
1545,17161,496,360,0.44639999999999996,0.324,,,,
1546,17175,500,360,0.45,0.324,,,,
1547,17188,504,356,0.4536,0.3204,,,,
1548,17198,508,356,0.4572,0.3204,,,,
1549,17204,514,354,0.4626,0.3186,,,,
1550,17217,524,310,0.47159999999999996,0.27899999999999997,,,,
1551,17229,524,354,0.47159999999999996,0.3186,,,,
1552,17239,532,350,0.4788,0.315,,,,
1553,17249,544,304,0.4896,0.2736,,,,
1554,17259,,,,,,,,
1555,17271,558,300,0.5022,0.27,,,,
1556,17281,566,298,0.5094,0.2682,,,,
1557,17294,574,296,0.5166,0.26639999999999997,,,,
1558,17303,582,294,0.5237999999999999,0.2646,,,,
1559,17315,588,290,0.5292,0.261,,,,
1560,17329,596,288,0.5364,0.2592,,,,
1561,17336,604,284,0.5436,0.2556,,,,
1562,17349,612,282,0.5508,0.25379999999999997,,,,
1563,17361,620,278,0.5579999999999999,0.2502,,,,
1564,17373,626,276,0.5634,0.24839999999999998,,,,
1565,17382,632,272,0.5688,0.2448,,,,
1566,17393,638,268,0.5741999999999999,0.2412,,,,
1567,17403,644,266,0.5796,0.2394,,,,
1568,17415,650,262,0.585,0.23579999999999998,,,,
1569,17426,654,258,0.5886,0.2322,,,,
1570,17438,658,254,0.5922,0.2286,,,,
1571,17447,662,252,0.5958,0.2268,,,,
1572,17464,664,248,0.5976,0.22319999999999998,,,,
1573,17471,666,244,0.5993999999999999,0.2196,,,,
1574,17481,668,240,0.6012,0.216,,,,
1575,17496,668,236,0.6012,0.2124,,,,
1576,17504,668,232,0.6012,0.20879999999999999,,,,
1577,17516,668,228,0.6012,0.2052,,,,
1578,17526,668,224,0.6012,0.2016,,,,
1579,17538,666,220,0.5993999999999999,0.19799999999999998,,,,
1580,17548,662,216,0.5958,0.1944,,,,
1581,17560,660,212,0.594,0.1908,,,,
1582,17570,656,208,0.5904,0.1872,,,,
1583,17581,652,206,0.5868,0.18539999999999998,,,,
1584,17592,646,202,0.5814,0.1818,,,,
1585,17603,640,198,0.576,0.1782,,,,
1586,17614,636,196,0.5724,0.1764,,,,
1587,17628,628,192,0.5652,0.1728,,,,
1588,17637,622,188,0.5598,0.1692,,,,
1589,17649,614,186,0.5526,0.1674,,,,
1590,17661,608,182,0.5472,0.1638,,,,
1591,17671,600,180,0.54,0.162,,,,
1592,17681,592,178,0.5327999999999999,0.1602,,,,
1593,17693,584,176,0.5256,0.15839999999999999,,,,
1594,17705,576,172,0.5184,0.1548,,,,
1595,17714,570,170,0.513,0.153,,,,
1596,17727,562,168,0.5058,0.1512,,,,
1597,17737,554,166,0.4986,0.1494,,,,
1598,17748,546,164,0.4914,0.1476,,,,
1599,17760,540,162,0.486,0.14579999999999999,,,,
1600,17773,534,162,0.48059999999999997,0.14579999999999999,,,,
1601,17782,528,160,0.4752,0.144,,,,
1602,17794,522,160,0.4698,0.144,,,,
1603,17804,516,158,0.4644,0.1422,,,,
1604,17817,512,158,0.4608,0.1422,,,,
1605,17829,508,158,0.4572,0.1422,,,,
1606,17837,504,158,0.4536,0.1422,,,,
1607,17851,502,158,0.4518,0.1422,,,,
1608,17859,500,156,0.45,0.1404,,,,
1609,17874,498,156,0.4482,0.1404,,,,
1610,17885,496,158,0.44639999999999996,0.1422,,,,
1611,17893,496,158,0.44639999999999996,0.1422,,,,
1612,17905,496,158,0.44639999999999996,0.1422,,,,
1613,17914,498,158,0.4482,0.1422,,,,
1614,17928,498,160,0.4482,0.144,,,,
1615,17938,500,160,0.45,0.144,,,,
1616,17947,504,162,0.4536,0.14579999999999999,,,,
1617,17962,506,162,0.45539999999999997,0.14579999999999999,,,,
1618,17970,510,164,0.45899999999999996,0.1476,,,,
1619,17981,516,166,0.4644,0.1494,,,,
1620,17996,520,168,0.46799999999999997,0.1512,,,,
1621,18003,526,170,0.4734,0.153,,,,
1622,18014,532,172,0.4788,0.1548,,,,
1623,18029,538,174,0.48419999999999996,0.1566,,,,
1624,18037,544,176,0.4896,0.15839999999999999,,,,
1625,18048,552,178,0.49679999999999996,0.1602,,,,
1626,18058,558,180,0.5022,0.162,,,,
1627,18070,566,184,0.5094,0.1656,,,,
1628,18086,574,186,0.5166,0.1674,,,,
1629,18095,582,188,0.5237999999999999,0.1692,,,,
1630,18105,588,192,0.5292,0.1728,,,,
1631,18115,596,194,0.5364,0.1746,,,,
1632,18126,604,198,0.5436,0.1782,,,,
1633,18137,610,200,0.5489999999999999,0.18,,,,
1634,18148,618,204,0.5562,0.18359999999999999,,,,
1635,18160,624,208,0.5616,0.1872,,,,
1636,18172,630,212,0.567,0.1908,,,,
1637,18181,636,214,0.5724,0.1926,,,,
1638,18193,640,218,0.576,0.19619999999999999,,,,
1639,18208,646,222,0.5814,0.1998,,,,
1640,18216,650,226,0.585,0.2034,,,,
1641,18226,654,228,0.5886,0.2052,,,,
1642,18237,658,232,0.5922,0.20879999999999999,,,,
1643,18248,660,236,0.594,0.2124,,,,
1644,18259,662,240,0.5958,0.216,,,,
1645,18270,664,244,0.5976,0.2196,,,,
1646,18281,664,246,0.5976,0.22139999999999999,,,,
1647,18294,664,250,0.5976,0.225,,,,
1648,18307,664,254,0.5976,0.2286,,,,
1649,18315,664,258,0.5976,0.2322,,,,
1650,18326,662,262,0.5958,0.23579999999999998,,,,
1651,18336,660,264,0.594,0.2376,,,,
1652,18347,656,268,0.5904,0.2412,,,,
1653,18361,652,272,0.5868,0.2448,,,,
1654,18371,648,274,0.5831999999999999,0.24659999999999999,,,,
1655,18381,644,276,0.5796,0.24839999999999998,,,,
1656,18392,638,280,0.5741999999999999,0.252,,,,
1657,18403,632,282,0.5688,0.25379999999999997,,,,
1658,18415,626,286,0.5634,0.2574,,,,
1659,18425,620,288,0.5579999999999999,0.2592,,,,
1660,18437,612,290,0.5508,0.261,,,,
1661,18447,606,292,0.5454,0.2628,,,,
1662,18459,598,294,0.5382,0.2646,,,,
1663,18470,590,298,0.531,0.2682,,,,
1664,18484,584,300,0.5256,0.27,,,,
1665,18495,576,300,0.5184,0.27,,,,
1666,18504,568,302,0.5112,0.2718,,,,
1667,18515,562,304,0.5058,0.2736,,,,
1668,18527,548,350,0.49319999999999997,0.315,,,,
1669,18538,548,306,0.49319999999999997,0.2754,,,,
1670,18548,540,308,0.486,0.2772,,,,
1671,18560,534,308,0.48059999999999997,0.2772,,,,
1672,18569,522,354,0.4698,0.3186,,,,
1673,18582,522,310,0.4698,0.27899999999999997,,,,
1674,18597,516,312,0.4644,0.2808,,,,
1675,18603,506,356,0.45539999999999997,0.3204,,,,
1676,18616,502,356,0.4518,0.3204,,,,
1677,18627,498,358,0.4482,0.3222,,,,
1678,18636,494,356,0.4446,0.3204,,,,
1679,18649,492,358,0.44279999999999997,0.3222,,,,
1680,18658,490,356,0.441,0.3204,,,,
1681,18670,494,312,0.4446,0.2808,,,,
1682,18681,494,310,0.4446,0.27899999999999997,,,,
1683,18693,494,310,0.4446,0.27899999999999997,,,,
1684,18705,490,354,0.441,0.3186,,,,
1685,18714,496,308,0.44639999999999996,0.2772,,,,
1686,18725,498,308,0.4482,0.2772,,,,
1687,18736,500,306,0.45,0.2754,,,,
1688,18747,498,350,0.4482,0.315,,,,
1689,18762,502,350,0.4518,0.315,,,,
1690,18771,512,304,0.4608,0.2736,,,,
1691,18780,518,302,0.4662,0.2718,,,,
1692,18797,522,300,0.4698,0.27,,,,
1693,18804,528,298,0.4752,0.2682,,,,
1694,18823,536,296,0.4824,0.26639999999999997,,,,
1695,18829,542,294,0.4878,0.2646,,,,
1696,18838,548,292,0.49319999999999997,0.2628,,,,
1697,18848,556,290,0.5004,0.261,,,,
1698,18860,564,288,0.5075999999999999,0.2592,,,,
1699,18870,570,284,0.513,0.2556,,,,
1700,18881,578,282,0.5202,0.25379999999999997,,,,
1701,18895,586,280,0.5274,0.252,,,,
1702,18906,594,276,0.5346,0.24839999999999998,,,,
1703,18915,602,274,0.5418,0.24659999999999999,,,,
1704,18926,610,272,0.5489999999999999,0.2448,,,,
1705,18936,616,268,0.5544,0.2412,,,,
1706,18951,624,266,0.5616,0.2394,,,,
1707,18960,630,262,0.567,0.23579999999999998,,,,
1708,18972,636,260,0.5724,0.23399999999999999,,,,
1709,18984,642,256,0.5778,0.2304,,,,
1710,18992,648,252,0.5831999999999999,0.2268,,,,
1711,19004,654,250,0.5886,0.225,,,,
1712,19015,658,246,0.5922,0.22139999999999999,,,,
1713,19026,662,242,0.5958,0.2178,,,,
1714,19036,664,238,0.5976,0.2142,,,,
1715,19049,666,234,0.5993999999999999,0.21059999999999998,,,,
1716,19058,668,232,0.6012,0.20879999999999999,,,,
1717,19071,668,228,0.6012,0.2052,,,,
1718,19080,668,224,0.6012,0.2016,,,,
1719,19092,668,220,0.6012,0.19799999999999998,,,,
1720,19104,666,218,0.5993999999999999,0.19619999999999999,,,,
1721,19116,664,214,0.5976,0.1926,,,,
1722,19127,662,210,0.5958,0.189,,,,
1723,19137,660,208,0.594,0.1872,,,,
1724,19147,656,204,0.5904,0.18359999999999999,,,,
1725,19162,652,202,0.5868,0.1818,,,,
1726,19169,646,198,0.5814,0.1782,,,,
1727,19181,642,196,0.5778,0.1764,,,,
1728,19192,636,194,0.5724,0.1746,,,,
1729,19203,630,190,0.567,0.17099999999999999,,,,
1730,19214,624,188,0.5616,0.1692,,,,
1731,19227,618,186,0.5562,0.1674,,,,
1732,19237,610,184,0.5489999999999999,0.1656,,,,
1733,19248,602,180,0.5418,0.162,,,,
1734,19258,596,178,0.5364,0.1602,,,,
1735,19270,586,176,0.5274,0.15839999999999999,,,,
1736,19283,580,176,0.522,0.15839999999999999,,,,
1737,19294,572,174,0.5148,0.1566,,,,
1738,19304,564,172,0.5075999999999999,0.1548,,,,
1739,19317,556,170,0.5004,0.153,,,,
1740,19326,550,170,0.495,0.153,,,,
1741,19336,542,168,0.4878,0.1512,,,,
1742,19349,536,168,0.4824,0.1512,,,,
1743,19360,530,166,0.477,0.1494,,,,
1744,19370,524,166,0.47159999999999996,0.1494,,,,
1745,19381,518,166,0.4662,0.1494,,,,
1746,19392,514,166,0.4626,0.1494,,,,
1747,19403,510,166,0.45899999999999996,0.1494,,,,
1748,19416,506,166,0.45539999999999997,0.1494,,,,
1749,19427,504,166,0.4536,0.1494,,,,
1750,19440,502,166,0.4518,0.1494,,,,
1751,19448,500,166,0.45,0.1494,,,,
1752,19461,498,166,0.4482,0.1494,,,,
1753,19474,498,166,0.4482,0.1494,,,,
1754,19482,498,168,0.4482,0.1512,,,,
1755,19495,498,168,0.4482,0.1512,,,,
1756,19505,500,168,0.45,0.1512,,,,
1757,19515,502,170,0.4518,0.153,,,,
1758,19527,504,172,0.4536,0.1548,,,,
1759,19537,506,172,0.45539999999999997,0.1548,,,,
1760,19548,510,174,0.45899999999999996,0.1566,,,,
1761,19560,514,176,0.4626,0.15839999999999999,,,,
1762,19571,520,178,0.46799999999999997,0.1602,,,,
1763,19582,524,180,0.47159999999999996,0.162,,,,
1764,19592,530,182,0.477,0.1638,,,,
1765,19604,536,184,0.4824,0.1656,,,,
1766,19616,542,186,0.4878,0.1674,,,,
1767,19625,550,188,0.495,0.1692,,,,
1768,19636,556,190,0.5004,0.17099999999999999,,,,
1769,19650,564,194,0.5075999999999999,0.1746,,,,
1770,19662,572,196,0.5148,0.1764,,,,
1771,19674,578,198,0.5202,0.1782,,,,
1772,19684,586,202,0.5274,0.1818,,,,
1773,19693,594,204,0.5346,0.18359999999999999,,,,
1774,19710,602,206,0.5418,0.18539999999999998,,,,
1775,19717,608,210,0.5472,0.189,,,,
1776,19731,616,212,0.5544,0.1908,,,,
1777,19738,622,216,0.5598,0.1944,,,,
1778,19752,628,218,0.5652,0.19619999999999999,,,,
1779,19760,634,222,0.5706,0.1998,,,,
1780,19773,640,224,0.576,0.2016,,,,
1781,19781,644,228,0.5796,0.2052,,,,
1782,19792,650,232,0.585,0.20879999999999999,,,,
1783,19804,654,234,0.5886,0.21059999999999998,,,,
1784,19814,656,238,0.5904,0.2142,,,,
1785,19827,660,242,0.594,0.2178,,,,
1786,19837,662,244,0.5958,0.2196,,,,
1787,19847,664,248,0.5976,0.22319999999999998,,,,
1788,19858,664,252,0.5976,0.2268,,,,
1789,19870,666,254,0.5993999999999999,0.2286,,,,
1790,19881,664,258,0.5976,0.2322,,,,
1791,19892,664,260,0.5976,0.23399999999999999,,,,
1792,19903,662,264,0.5958,0.2376,,,,
1793,19915,660,266,0.594,0.2394,,,,
1794,19929,658,270,0.5922,0.243,,,,
1795,19936,654,272,0.5886,0.2448,,,,
1796,19949,650,274,0.585,0.24659999999999999,,,,
1797,19958,646,276,0.5814,0.24839999999999998,,,,
1798,19973,640,280,0.576,0.252,,,,
1799,19982,634,282,0.5706,0.25379999999999997,,,,
1800,19992,628,284,0.5652,0.2556,,,,
1801,20004,622,286,0.5598,0.2574,,,,
1802,20018,616,288,0.5544,0.2592,,,,
1803,20028,608,290,0.5472,0.261,,,,
1804,20037,600,292,0.54,0.2628,,,,
1805,20048,594,292,0.5346,0.2628,,,,
1806,20059,586,294,0.5274,0.2646,,,,
1807,20072,578,296,0.5202,0.26639999999999997,,,,
1808,20082,570,298,0.513,0.2682,,,,
1809,20096,562,298,0.5058,0.2682,,,,
1810,20104,556,300,0.5004,0.27,,,,
1811,20115,548,300,0.49319999999999997,0.27,,,,
1812,20126,542,300,0.4878,0.27,,,,
1813,20137,534,302,0.48059999999999997,0.2718,,,,
1814,20148,528,302,0.4752,0.2718,,,,
1815,20160,522,302,0.4698,0.2718,,,,
1816,20172,516,302,0.4644,0.2718,,,,
1817,20181,512,302,0.4608,0.2718,,,,
1818,20195,508,302,0.4572,0.2718,,,,
1819,20207,504,302,0.4536,0.2718,,,,
1820,20220,500,302,0.45,0.2718,,,,
1821,20231,498,302,0.4482,0.2718,,,,
1822,20243,496,300,0.44639999999999996,0.27,,,,
1823,20252,494,300,0.4446,0.27,,,,
1824,20263,494,300,0.4446,0.27,,,,
1825,20270,494,298,0.4446,0.2682,,,,
1826,20281,494,298,0.4446,0.2682,,,,
1827,20298,496,298,0.44639999999999996,0.2682,,,,
1828,20309,498,296,0.4482,0.26639999999999997,,,,
1829,20315,500,296,0.45,0.26639999999999997,,,,
1830,20327,502,294,0.4518,0.2646,,,,
1831,20337,506,292,0.45539999999999997,0.2628,,,,
1832,20349,510,290,0.45899999999999996,0.261,,,,
1833,20363,516,290,0.4644,0.261,,,,
1834,20370,520,288,0.46799999999999997,0.2592,,,,
1835,20381,526,286,0.4734,0.2574,,,,
1836,20397,534,284,0.48059999999999997,0.2556,,,,
1837,20404,540,282,0.486,0.25379999999999997,,,,
1838,20418,548,280,0.49319999999999997,0.252,,,,
1839,20430,556,278,0.5004,0.2502,,,,
1840,20437,562,276,0.5058,0.24839999999999998,,,,
1841,20448,570,272,0.513,0.2448,,,,
1842,20461,578,270,0.5202,0.243,,,,
1843,20470,586,268,0.5274,0.2412,,,,
1844,20485,594,266,0.5346,0.2394,,,,
1845,20494,602,264,0.5418,0.2376,,,,
1846,20505,610,260,0.5489999999999999,0.23399999999999999,,,,
1847,20515,616,258,0.5544,0.2322,,,,
1848,20529,624,256,0.5616,0.2304,,,,
1849,20536,630,252,0.567,0.2268,,,,
1850,20548,636,250,0.5724,0.225,,,,
1851,20559,642,246,0.5778,0.22139999999999999,,,,
1852,20570,646,244,0.5814,0.2196,,,,
1853,20585,652,240,0.5868,0.216,,,,
1854,20592,656,238,0.5904,0.2142,,,,
1855,20604,658,234,0.5922,0.21059999999999998,,,,
1856,20624,662,232,0.5958,0.20879999999999999,,,,
1857,20629,664,228,0.5976,0.2052,,,,
1858,20638,666,226,0.5993999999999999,0.2034,,,,
1859,20648,668,222,0.6012,0.1998,,,,
1860,20659,668,220,0.6012,0.19799999999999998,,,,
1861,20669,668,216,0.6012,0.1944,,,,
1862,20681,668,214,0.6012,0.1926,,,,
1863,20696,666,212,0.5993999999999999,0.1908,,,,
1864,20704,664,210,0.5976,0.189,,,,
1865,20714,660,206,0.594,0.18539999999999998,,,,
1866,20728,656,204,0.5904,0.18359999999999999,,,,
1867,20736,652,202,0.5868,0.1818,,,,
1868,20750,648,200,0.5831999999999999,0.18,,,,
1869,20760,642,196,0.5778,0.1764,,,,
1870,20776,636,196,0.5724,0.1764,,,,
1871,20784,630,192,0.567,0.1728,,,,
1872,20796,624,190,0.5616,0.17099999999999999,,,,
1873,20808,618,188,0.5562,0.1692,,,,
1874,20816,610,188,0.5489999999999999,0.1692,,,,
1875,20827,604,186,0.5436,0.1674,,,,
1876,20837,596,184,0.5364,0.1656,,,,
1877,20848,588,182,0.5292,0.1638,,,,
1878,20859,580,182,0.522,0.1638,,,,
1879,20872,572,180,0.5148,0.162,,,,
1880,20888,566,180,0.5094,0.162,,,,
1881,20892,558,178,0.5022,0.1602,,,,
1882,20905,550,178,0.495,0.1602,,,,
1883,20915,544,178,0.4896,0.1602,,,,
1884,20927,538,176,0.48419999999999996,0.15839999999999999,,,,
1885,20938,532,176,0.4788,0.15839999999999999,,,,
1886,20948,526,176,0.4734,0.15839999999999999,,,,
1887,20962,520,176,0.46799999999999997,0.15839999999999999,,,,
1888,20970,516,176,0.4644,0.15839999999999999,,,,
1889,20983,512,176,0.4608,0.15839999999999999,,,,
1890,20993,508,176,0.4572,0.15839999999999999,,,,
1891,21005,504,176,0.4536,0.15839999999999999,,,,
1892,21020,502,178,0.4518,0.1602,,,,
1893,21029,500,178,0.45,0.1602,,,,
1894,21044,498,178,0.4482,0.1602,,,,
1895,21050,498,180,0.4482,0.162,,,,
1896,21064,498,180,0.4482,0.162,,,,
1897,21073,498,180,0.4482,0.162,,,,
1898,21085,500,182,0.45,0.1638,,,,
1899,21097,502,182,0.4518,0.1638,,,,
1900,21103,504,184,0.4536,0.1656,,,,
1901,21115,506,186,0.45539999999999997,0.1674,,,,
1902,21126,510,188,0.45899999999999996,0.1692,,,,
1903,21140,514,188,0.4626,0.1692,,,,
1904,21150,518,190,0.4662,0.17099999999999999,,,,
1905,21162,524,192,0.47159999999999996,0.1728,,,,
1906,21171,530,194,0.477,0.1746,,,,
1907,21183,536,196,0.4824,0.1764,,,,
1908,21194,542,198,0.4878,0.1782,,,,
1909,21204,548,200,0.49319999999999997,0.18,,,,
1910,21216,556,202,0.5004,0.1818,,,,
1911,21225,564,206,0.5075999999999999,0.18539999999999998,,,,
1912,21237,570,208,0.513,0.1872,,,,
1913,21248,578,210,0.5202,0.189,,,,
1914,21259,586,212,0.5274,0.1908,,,,
1915,21271,592,214,0.5327999999999999,0.1926,,,,
1916,21280,600,218,0.54,0.19619999999999999,,,,
1917,21292,608,220,0.5472,0.19799999999999998,,,,
1918,21309,614,222,0.5526,0.1998,,,,
1919,21317,620,224,0.5579999999999999,0.2016,,,,
1920,21326,628,228,0.5652,0.2052,,,,
1921,21337,634,230,0.5706,0.207,,,,
1922,21349,638,232,0.5741999999999999,0.20879999999999999,,,,
1923,21359,644,236,0.5796,0.2124,,,,
1924,21376,648,238,0.5831999999999999,0.2142,,,,
1925,21388,654,240,0.5886,0.216,,,,
1926,21393,658,244,0.5922,0.2196,,,,
1927,21405,660,246,0.594,0.22139999999999999,,,,
1928,21418,662,248,0.5958,0.22319999999999998,,,,
1929,21425,664,252,0.5976,0.2268,,,,
1930,21440,666,254,0.5993999999999999,0.2286,,,,
1931,21447,666,256,0.5993999999999999,0.2304,,,,
1932,21459,666,260,0.5993999999999999,0.23399999999999999,,,,
1933,21471,666,262,0.5993999999999999,0.23579999999999998,,,,
1934,21481,664,264,0.5976,0.2376,,,,
1935,21495,662,266,0.5958,0.2394,,,,
1936,21505,660,268,0.594,0.2412,,,,
1937,21516,656,270,0.5904,0.243,,,,
1938,21525,652,272,0.5868,0.2448,,,,
1939,21536,646,274,0.5814,0.24659999999999999,,,,
1940,21549,642,276,0.5778,0.24839999999999998,,,,
1941,21561,636,278,0.5724,0.2502,,,,
1942,21574,630,280,0.567,0.252,,,,
1943,21583,624,280,0.5616,0.252,,,,
1944,21594,616,282,0.5544,0.25379999999999997,,,,
1945,21603,610,284,0.5489999999999999,0.2556,,,,
1946,21616,602,286,0.5418,0.2574,,,,
1947,21625,596,286,0.5364,0.2574,,,,
1948,21637,588,288,0.5292,0.2592,,,,
1949,21648,580,288,0.522,0.2592,,,,
1950,21660,572,290,0.5148,0.261,,,,
1951,21672,564,290,0.5075999999999999,0.261,,,,
1952,21685,556,290,0.5004,0.261,,,,
1953,21697,550,290,0.495,0.261,,,,
1954,21706,542,290,0.4878,0.261,,,,
1955,21714,536,290,0.4824,0.261,,,,
1956,21728,528,290,0.4752,0.261,,,,
1957,21736,522,290,0.4698,0.261,,,,
1958,21748,518,290,0.4662,0.261,,,,
1959,21758,512,290,0.4608,0.261,,,,
1960,21769,508,290,0.4572,0.261,,,,
1961,21781,504,290,0.4536,0.261,,,,
1962,21792,500,288,0.45,0.2592,,,,
1963,21806,498,288,0.4482,0.2592,,,,
1964,21816,496,288,0.44639999999999996,0.2592,,,,
1965,21825,494,286,0.4446,0.2574,,,,
1966,21842,494,286,0.4446,0.2574,,,,
1967,21850,492,286,0.44279999999999997,0.2574,,,,
1968,21859,494,284,0.4446,0.2556,,,,
1969,21872,494,282,0.4446,0.25379999999999997,,,,
1970,21881,496,282,0.44639999999999996,0.25379999999999997,,,,
1971,21897,500,280,0.45,0.252,,,,
1972,21903,502,278,0.4518,0.2502,,,,
1973,21914,506,278,0.45539999999999997,0.2502,,,,
1974,21927,512,276,0.4608,0.24839999999999998,,,,
1975,21937,516,274,0.4644,0.24659999999999999,,,,
1976,21948,522,272,0.4698,0.2448,,,,
1977,21961,528,272,0.4752,0.2448,,,,
1978,21972,534,270,0.48059999999999997,0.243,,,,
1979,21988,540,268,0.486,0.2412,,,,
1980,21996,548,266,0.49319999999999997,0.2394,,,,
1981,22007,554,264,0.4986,0.2376,,,,
1982,22020,562,262,0.5058,0.23579999999999998,,,,
1983,22029,570,260,0.513,0.23399999999999999,,,,
1984,22036,578,258,0.5202,0.2322,,,,
1985,22047,586,256,0.5274,0.2304,,,,
1986,22061,594,254,0.5346,0.2286,,,,
1987,22071,602,252,0.5418,0.2268,,,,
1988,22081,608,250,0.5472,0.225,,,,
1989,22092,616,248,0.5544,0.22319999999999998,,,,
1990,22104,624,244,0.5616,0.2196,,,,
1991,22116,630,242,0.567,0.2178,,,,
1992,22134,636,240,0.5724,0.216,,,,
1993,22137,642,238,0.5778,0.2142,,,,
1994,22148,648,236,0.5831999999999999,0.2124,,,,
1995,22160,652,232,0.5868,0.20879999999999999,,,,
1996,22170,656,230,0.5904,0.207,,,,
1997,22180,660,228,0.594,0.2052,,,,
1998,22192,662,226,0.5958,0.2034,,,,
1999,22206,666,224,0.5993999999999999,0.2016,,,,
2000,22215,666,222,0.5993999999999999,0.1998,,,,
2001,22226,668,220,0.6012,0.19799999999999998,,,,
2002,22236,668,216,0.6012,0.1944,,,,
2003,22249,668,214,0.6012,0.1926,,,,
2004,22259,666,212,0.5993999999999999,0.1908,,,,
2005,22271,666,210,0.5993999999999999,0.189,,,,
2006,22281,662,208,0.5958,0.1872,,,,
2007,22293,660,206,0.594,0.18539999999999998,,,,
2008,22303,656,206,0.5904,0.18539999999999998,,,,
2009,22314,652,204,0.5868,0.18359999999999999,,,,
2010,22328,648,202,0.5831999999999999,0.1818,,,,
2011,22337,642,200,0.5778,0.18,,,,
2012,22349,636,198,0.5724,0.1782,,,,
2013,22362,630,198,0.567,0.1782,,,,
2014,22375,624,196,0.5616,0.1764,,,,
2015,22387,618,194,0.5562,0.1746,,,,
2016,22396,610,194,0.5489999999999999,0.1746,,,,
2017,22403,602,192,0.5418,0.1728,,,,
2018,22413,596,192,0.5364,0.1728,,,,
2019,22425,588,190,0.5292,0.17099999999999999,,,,
2020,22438,580,190,0.522,0.17099999999999999,,,,
2021,22448,572,188,0.5148,0.1692,,,,
2022,22460,566,188,0.5094,0.1692,,,,
2023,22473,558,188,0.5022,0.1692,,,,
2024,22481,550,188,0.495,0.1692,,,,
2025,22493,544,188,0.4896,0.1692,,,,
2026,22503,538,188,0.48419999999999996,0.1692,,,,
2027,22517,532,188,0.4788,0.1692,,,,
2028,22526,526,188,0.4734,0.1692,,,,
2029,22536,520,188,0.46799999999999997,0.1692,,,,
2030,22547,516,190,0.4644,0.17099999999999999,,,,
2031,22558,512,190,0.4608,0.17099999999999999,,,,
2032,22569,508,190,0.4572,0.17099999999999999,,,,
2033,22584,504,190,0.4536,0.17099999999999999,,,,
2034,22595,502,190,0.4518,0.17099999999999999,,,,
2035,22604,500,192,0.45,0.1728,,,,
2036,22614,498,192,0.4482,0.1728,,,,
2037,22625,498,192,0.4482,0.1728,,,,
2038,22643,498,194,0.4482,0.1746,,,,
2039,22649,498,194,0.4482,0.1746,,,,
2040,22661,500,196,0.45,0.1764,,,,
2041,22673,502,196,0.4518,0.1764,,,,
2042,22681,504,198,0.4536,0.1782,,,,
2043,22692,506,200,0.45539999999999997,0.18,,,,
2044,22705,510,202,0.45899999999999996,0.1818,,,,
2045,22714,514,202,0.4626,0.1818,,,,
2046,22725,520,204,0.46799999999999997,0.18359999999999999,,,,
2047,22736,524,206,0.47159999999999996,0.18539999999999998,,,,
2048,22748,530,208,0.477,0.1872,,,,
2049,22760,536,210,0.4824,0.189,,,,
2050,22771,542,212,0.4878,0.1908,,,,
2051,22784,550,214,0.495,0.1926,,,,
2052,22796,556,216,0.5004,0.1944,,,,
2053,22804,564,218,0.5075999999999999,0.19619999999999999,,,,
2054,22814,570,220,0.513,0.19799999999999998,,,,
2055,22827,578,222,0.5202,0.1998,,,,
2056,22837,586,224,0.5274,0.2016,,,,
2057,22847,594,226,0.5346,0.2034,,,,
2058,22859,600,228,0.54,0.2052,,,,
2059,22870,608,230,0.5472,0.207,,,,
2060,22880,616,232,0.5544,0.20879999999999999,,,,
2061,22896,622,234,0.5598,0.21059999999999998,,,,
2062,22909,628,236,0.5652,0.2124,,,,
2063,22916,634,238,0.5706,0.2142,,,,
2064,22925,640,240,0.576,0.216,,,,
2065,22936,646,242,0.5814,0.2178,,,,
2066,22948,650,244,0.585,0.2196,,,,
2067,22963,654,246,0.5886,0.22139999999999999,,,,
2068,22969,658,248,0.5922,0.22319999999999998,,,,
2069,22982,662,250,0.5958,0.225,,,,
2070,22991,664,252,0.5976,0.2268,,,,
2071,23003,666,254,0.5993999999999999,0.2286,,,,
2072,23014,666,256,0.5993999999999999,0.2304,,,,
2073,23025,666,258,0.5993999999999999,0.2322,,,,
2074,23039,666,260,0.5993999999999999,0.23399999999999999,,,,
2075,23047,666,262,0.5993999999999999,0.23579999999999998,,,,
2076,23059,664,264,0.5976,0.2376,,,,
2077,23070,662,266,0.5958,0.2394,,,,
2078,23084,660,266,0.594,0.2394,,,,
2079,23094,656,268,0.5904,0.2412,,,,
2080,23107,652,268,0.5868,0.2412,,,,
2081,23116,648,270,0.5831999999999999,0.243,,,,
2082,23127,642,272,0.5778,0.2448,,,,
2083,23136,636,272,0.5724,0.2448,,,,
2084,23148,630,274,0.567,0.24659999999999999,,,,
2085,23160,624,274,0.5616,0.24659999999999999,,,,
2086,23174,616,274,0.5544,0.24659999999999999,,,,
2087,23184,610,276,0.5489999999999999,0.24839999999999998,,,,
2088,23192,602,276,0.5418,0.24839999999999998,,,,
2089,23204,594,276,0.5346,0.24839999999999998,,,,
2090,23221,586,278,0.5274,0.2502,,,,
2091,23227,578,278,0.5202,0.2502,,,,
2092,23242,570,278,0.513,0.2502,,,,
2093,23250,564,278,0.5075999999999999,0.2502,,,,
2094,23261,556,278,0.5004,0.2502,,,,
2095,23270,548,278,0.49319999999999997,0.2502,,,,
2096,23281,542,278,0.4878,0.2502,,,,
2097,23293,534,278,0.48059999999999997,0.2502,,,,
2098,23306,528,276,0.4752,0.24839999999999998,,,,
2099,23314,522,276,0.4698,0.24839999999999998,,,,
2100,23328,516,276,0.4644,0.24839999999999998,,,,
2101,23336,512,276,0.4608,0.24839999999999998,,,,
2102,23347,508,274,0.4572,0.24659999999999999,,,,
2103,23359,504,274,0.4536,0.24659999999999999,,,,
2104,23370,500,272,0.45,0.2448,,,,
2105,23380,498,272,0.4482,0.2448,,,,
2106,23392,496,272,0.44639999999999996,0.2448,,,,
2107,23404,494,270,0.4446,0.243,,,,
2108,23414,492,268,0.44279999999999997,0.2412,,,,
2109,23425,492,268,0.44279999999999997,0.2412,,,,
2110,23441,494,266,0.4446,0.2394,,,,
2111,23452,494,266,0.4446,0.2394,,,,
2112,23459,496,264,0.44639999999999996,0.2376,,,,
2113,23469,500,264,0.45,0.2376,,,,
2114,23481,502,262,0.4518,0.23579999999999998,,,,
2115,23492,506,262,0.45539999999999997,0.23579999999999998,,,,
2116,23503,512,260,0.4608,0.23399999999999999,,,,
2117,23515,516,258,0.4644,0.2322,,,,
2118,23525,522,258,0.4698,0.2322,,,,
2119,23538,528,256,0.4752,0.2304,,,,
2120,23547,534,254,0.48059999999999997,0.2286,,,,
2121,23559,542,252,0.4878,0.2268,,,,
2122,23571,550,250,0.495,0.225,,,,
2123,23580,556,248,0.5004,0.22319999999999998,,,,
2124,23597,564,248,0.5075999999999999,0.22319999999999998,,,,
2125,23605,572,246,0.5148,0.22139999999999999,,,,
2126,23614,580,244,0.522,0.2196,,,,
2127,23625,588,242,0.5292,0.2178,,,,
2128,23640,596,240,0.5364,0.216,,,,
2129,23651,602,238,0.5418,0.2142,,,,
2130,23659,610,238,0.5489999999999999,0.2142,,,,
2131,23672,618,236,0.5562,0.2124,,,,
2132,23682,624,234,0.5616,0.21059999999999998,,,,
2133,23693,632,232,0.5688,0.20879999999999999,,,,
2134,23709,636,232,0.5724,0.20879999999999999,,,,
2135,23716,642,230,0.5778,0.207,,,,
2136,23729,648,228,0.5831999999999999,0.2052,,,,
2137,23736,652,226,0.5868,0.2034,,,,
2138,23747,656,224,0.5904,0.2016,,,,
2139,23760,660,222,0.594,0.1998,,,,
2140,23769,662,222,0.5958,0.1998,,,,
2141,23782,666,220,0.5993999999999999,0.19799999999999998,,,,
2142,23792,666,218,0.5993999999999999,0.19619999999999999,,,,
2143,23803,668,216,0.6012,0.1944,,,,
2144,23814,668,214,0.6012,0.1926,,,,
2145,23825,668,212,0.6012,0.1908,,,,
2146,23837,666,212,0.5993999999999999,0.1908,,,,
2147,23848,664,210,0.5976,0.189,,,,
2148,23860,662,210,0.5958,0.189,,,,
2149,23870,658,208,0.5922,0.1872,,,,
2150,23880,656,208,0.5904,0.1872,,,,
2151,23897,652,206,0.5868,0.18539999999999998,,,,
2152,23905,646,206,0.5814,0.18539999999999998,,,,
2153,23917,640,206,0.576,0.18539999999999998,,,,
2154,23925,636,204,0.5724,0.18359999999999999,,,,
2155,23937,630,204,0.567,0.18359999999999999,,,,
2156,23948,622,204,0.5598,0.18359999999999999,,,,
2157,23960,616,202,0.5544,0.1818,,,,
2158,23973,608,202,0.5472,0.1818,,,,
2159,23984,602,202,0.5418,0.1818,,,,
2160,23995,594,200,0.5346,0.18,,,,
2161,24007,586,200,0.5274,0.18,,,,
2162,24020,578,200,0.5202,0.18,,,,
2163,24027,572,200,0.5148,0.18,,,,
2164,24040,564,200,0.5075999999999999,0.18,,,,
2165,24047,556,200,0.5004,0.18,,,,
2166,24059,550,200,0.495,0.18,,,,
2167,24070,542,200,0.4878,0.18,,,,
2168,24080,536,200,0.4824,0.18,,,,
2169,24093,530,202,0.477,0.1818,,,,
2170,24103,524,202,0.47159999999999996,0.1818,,,,
2171,24114,518,202,0.4662,0.1818,,,,
2172,24129,514,204,0.4626,0.18359999999999999,,,,
2173,24136,510,204,0.45899999999999996,0.18359999999999999,,,,
2174,24149,506,204,0.45539999999999997,0.18359999999999999,,,,
2175,24158,504,204,0.4536,0.18359999999999999,,,,
2176,24171,502,206,0.4518,0.18539999999999998,,,,
2177,24180,500,206,0.45,0.18539999999999998,,,,
2178,24196,498,208,0.4482,0.1872,,,,
2179,24205,498,208,0.4482,0.1872,,,,
2180,24218,498,208,0.4482,0.1872,,,,
2181,24227,,,,,,,,
2182,24239,500,210,0.45,0.189,,,,
2183,24247,502,212,0.4518,0.1908,,,,
2184,24258,504,214,0.4536,0.1926,,,,
2185,24271,506,214,0.45539999999999997,0.1926,,,,
2186,24280,510,216,0.45899999999999996,0.1944,,,,
2187,24291,514,218,0.4626,0.19619999999999999,,,,
2188,24305,520,218,0.46799999999999997,0.19619999999999999,,,,
2189,24315,524,220,0.47159999999999996,0.19799999999999998,,,,
2190,24326,530,222,0.477,0.1998,,,,
2191,24336,536,224,0.4824,0.2016,,,,
2192,24348,544,224,0.4896,0.2016,,,,
2193,24359,550,226,0.495,0.2034,,,,
2194,24369,558,228,0.5022,0.2052,,,,
2195,24381,566,230,0.5094,0.207,,,,
2196,24392,574,230,0.5166,0.207,,,,
2197,24403,580,232,0.522,0.20879999999999999,,,,
2198,24414,588,234,0.5292,0.21059999999999998,,,,
2199,24425,596,236,0.5364,0.2124,,,,
2200,24438,604,238,0.5436,0.2142,,,,
2201,24456,610,240,0.5489999999999999,0.216,,,,
2202,24460,618,240,0.5562,0.216,,,,
2203,24469,624,242,0.5616,0.2178,,,,
2204,24481,630,244,0.567,0.2196,,,,
2205,24492,636,246,0.5724,0.22139999999999999,,,,
2206,24503,642,246,0.5778,0.22139999999999999,,,,
2207,24519,646,248,0.5814,0.22319999999999998,,,,
2208,24527,652,250,0.5868,0.225,,,,
2209,24536,656,252,0.5904,0.2268,,,,
2210,24548,660,252,0.594,0.2268,,,,
2211,24559,664,254,0.5976,0.2286,,,,
2212,24569,666,256,0.5993999999999999,0.2304,,,,
2213,24580,668,256,0.6012,0.2304,,,,
2214,24592,668,258,0.6012,0.2322,,,,
2215,24603,670,260,0.603,0.23399999999999999,,,,
2216,24616,668,260,0.6012,0.23399999999999999,,,,
2217,24627,668,262,0.6012,0.23579999999999998,,,,
2218,24636,666,262,0.5993999999999999,0.23579999999999998,,,,
2219,24648,662,262,0.5958,0.23579999999999998,,,,
2220,24662,660,264,0.594,0.2376,,,,
2221,24674,656,264,0.5904,0.2376,,,,
2222,24686,652,264,0.5868,0.2376,,,,
2223,24695,646,264,0.5814,0.2376,,,,
2224,24704,640,266,0.576,0.2394,,,,
2225,24713,636,266,0.5724,0.2394,,,,
2226,24730,630,266,0.567,0.2394,,,,
2227,24737,622,266,0.5598,0.2394,,,,
2228,24747,616,266,0.5544,0.2394,,,,
2229,24758,608,266,0.5472,0.2394,,,,
2230,24769,600,266,0.54,0.2394,,,,
2231,24781,594,266,0.5346,0.2394,,,,
2232,24793,586,266,0.5274,0.2394,,,,
2233,24804,578,266,0.5202,0.2394,,,,
2234,24815,570,266,0.513,0.2394,,,,
2235,24829,562,266,0.5058,0.2394,,,,
2236,24836,554,266,0.4986,0.2394,,,,
2237,24848,546,264,0.4914,0.2376,,,,
2238,24861,540,264,0.486,0.2376,,,,
2239,24869,534,264,0.48059999999999997,0.2376,,,,
2240,24881,526,262,0.4734,0.23579999999999998,,,,
2241,24892,520,262,0.46799999999999997,0.23579999999999998,,,,
2242,24904,516,260,0.4644,0.23399999999999999,,,,
2243,24916,510,260,0.45899999999999996,0.23399999999999999,,,,
2244,24928,506,258,0.45539999999999997,0.2322,,,,
2245,24936,502,258,0.4518,0.2322,,,,
2246,24948,498,258,0.4482,0.2322,,,,
2247,24959,496,256,0.44639999999999996,0.2304,,,,
2248,24969,494,256,0.4446,0.2304,,,,
2249,24980,494,254,0.4446,0.2286,,,,
2250,24993,494,254,0.4446,0.2286,,,,
2251,25006,494,252,0.4446,0.2268,,,,
2252,25016,494,252,0.4446,0.2268,,,,
2253,25025,496,250,0.44639999999999996,0.225,,,,
2254,25036,498,250,0.4482,0.225,,,,
2255,25049,502,248,0.4518,0.22319999999999998,,,,
2256,25062,506,248,0.45539999999999997,0.22319999999999998,,,,
2257,25070,508,246,0.4572,0.22139999999999999,,,,
2258,25080,514,244,0.4626,0.2196,,,,
2259,25092,518,244,0.4662,0.2196,,,,
2260,25102,524,242,0.47159999999999996,0.2178,,,,
2261,25115,530,242,0.477,0.2178,,,,
2262,25126,536,240,0.4824,0.216,,,,
2263,25139,544,238,0.4896,0.2142,,,,
2264,25147,552,238,0.49679999999999996,0.2142,,,,
2265,25159,558,236,0.5022,0.2124,,,,
2266,25169,566,234,0.5094,0.21059999999999998,,,,
2267,25181,574,234,0.5166,0.21059999999999998,,,,
2268,25192,582,232,0.5237999999999999,0.20879999999999999,,,,
2269,25205,590,230,0.531,0.207,,,,
2270,25214,598,230,0.5382,0.207,,,,
2271,25228,606,228,0.5454,0.2052,,,,
2272,25238,614,228,0.5526,0.2052,,,,
2273,25247,620,226,0.5579999999999999,0.2034,,,,
2274,25259,626,226,0.5634,0.2034,,,,
2275,25272,632,226,0.5688,0.2034,,,,
2276,25281,638,224,0.5741999999999999,0.2016,,,,
2277,25292,644,224,0.5796,0.2016,,,,
2278,25303,648,222,0.5831999999999999,0.1998,,,,
2279,25317,652,222,0.5868,0.1998,,,,
2280,25333,658,220,0.5922,0.19799999999999998,,,,
2281,25339,660,220,0.594,0.19799999999999998,,,,
2282,25348,664,218,0.5976,0.19619999999999999,,,,
2283,25358,666,216,0.5993999999999999,0.1944,,,,
2284,25370,668,216,0.6012,0.1944,,,,
2285,25381,668,214,0.6012,0.1926,,,,
2286,25393,668,214,0.6012,0.1926,,,,
2287,25405,668,214,0.6012,0.1926,,,,
2288,25415,666,212,0.5993999999999999,0.1908,,,,
2289,25428,664,212,0.5976,0.1908,,,,
2290,25435,660,212,0.594,0.1908,,,,
2291,25450,658,212,0.5922,0.1908,,,,
2292,25458,654,212,0.5886,0.1908,,,,
2293,25475,648,212,0.5831999999999999,0.1908,,,,
2294,25482,644,212,0.5796,0.1908,,,,
2295,25497,638,212,0.5741999999999999,0.1908,,,,
2296,25505,632,212,0.5688,0.1908,,,,
2297,25515,626,210,0.5634,0.189,,,,
2298,25525,620,210,0.5579999999999999,0.189,,,,
2299,25539,614,210,0.5526,0.189,,,,
2300,25547,606,210,0.5454,0.189,,,,
2301,25562,598,210,0.5382,0.189,,,,
2302,25569,592,210,0.5327999999999999,0.189,,,,
2303,25582,584,210,0.5256,0.189,,,,
2304,25592,576,210,0.5184,0.189,,,,
2305,25606,568,212,0.5112,0.1908,,,,
2306,25614,560,212,0.504,0.1908,,,,
2307,25625,554,212,0.4986,0.1908,,,,
2308,25636,546,212,0.4914,0.1908,,,,
2309,25647,540,214,0.486,0.1926,,,,
2310,25662,534,214,0.48059999999999997,0.1926,,,,
2311,25673,528,214,0.4752,0.1926,,,,
2312,25683,522,214,0.4698,0.1926,,,,
2313,25694,516,216,0.4644,0.1944,,,,
2314,25707,512,216,0.4608,0.1944,,,,
2315,25713,508,218,0.4572,0.19619999999999999,,,,
2316,25732,506,218,0.45539999999999997,0.19619999999999999,,,,
2317,25740,502,220,0.4518,0.19799999999999998,,,,
2318,25748,500,220,0.45,0.19799999999999998,,,,
2319,25762,498,222,0.4482,0.1998,,,,
2320,25772,498,222,0.4482,0.1998,,,,
2321,25781,498,224,0.4482,0.2016,,,,
2322,25792,498,224,0.4482,0.2016,,,,
2323,25806,498,224,0.4482,0.2016,,,,
2324,25814,500,226,0.45,0.2034,,,,
2325,25826,502,226,0.4518,0.2034,,,,
2326,25837,504,228,0.4536,0.2052,,,,
2327,25847,508,228,0.4572,0.2052,,,,
2328,25860,512,230,0.4608,0.207,,,,
2329,25872,516,232,0.4644,0.20879999999999999,,,,
2330,25880,522,232,0.4698,0.20879999999999999,,,,
2331,25892,526,234,0.4734,0.21059999999999998,,,,
2332,25903,532,236,0.4788,0.2124,,,,
2333,25914,538,236,0.48419999999999996,0.2124,,,,
2334,25931,546,238,0.4914,0.2142,,,,
2335,25939,552,240,0.49679999999999996,0.216,,,,
2336,25948,560,240,0.504,0.216,,,,
2337,25959,568,242,0.5112,0.2178,,,,
2338,25970,576,244,0.5184,0.2196,,,,
2339,25981,584,244,0.5256,0.2196,,,,
2340,25995,592,246,0.5327999999999999,0.22139999999999999,,,,
2341,26004,600,246,0.54,0.22139999999999999,,,,
2342,26013,606,248,0.5454,0.22319999999999998,,,,
2343,26025,614,248,0.5526,0.22319999999999998,,,,
2344,26036,620,250,0.5579999999999999,0.225,,,,
2345,26048,628,250,0.5652,0.225,,,,
2346,26059,634,252,0.5706,0.2268,,,,
2347,26073,640,252,0.576,0.2268,,,,
2348,26080,644,252,0.5796,0.2268,,,,
2349,26092,650,254,0.585,0.2286,,,,
2350,26103,654,254,0.5886,0.2286,,,,
2351,26115,658,256,0.5922,0.2304,,,,
2352,26127,662,256,0.5958,0.2304,,,,
2353,26137,664,256,0.5976,0.2304,,,,
2354,26147,666,258,0.5993999999999999,0.2322,,,,
2355,26160,668,258,0.6012,0.2322,,,,
2356,26172,670,258,0.603,0.2322,,,,
2357,26182,670,260,0.603,0.23399999999999999,,,,
2358,26193,668,260,0.6012,0.23399999999999999,,,,
2359,26208,668,260,0.6012,0.23399999999999999,,,,
2360,26217,666,260,0.5993999999999999,0.23399999999999999,,,,
2361,26230,662,260,0.5958,0.23399999999999999,,,,
2362,26237,658,260,0.5922,0.23399999999999999,,,,
2363,26251,654,260,0.5886,0.23399999999999999,,,,
2364,26263,650,260,0.585,0.23399999999999999,,,,
2365,26269,644,260,0.5796,0.23399999999999999,,,,
2366,26281,638,258,0.5741999999999999,0.2322,,,,
2367,26292,632,258,0.5688,0.2322,,,,
2368,26302,626,258,0.5634,0.2322,,,,
2369,26313,620,258,0.5579999999999999,0.2322,,,,
2370,26325,612,258,0.5508,0.2322,,,,
2371,26337,606,256,0.5454,0.2304,,,,
2372,26346,598,256,0.5382,0.2304,,,,
2373,26358,590,256,0.531,0.2304,,,,
2374,26369,582,256,0.5237999999999999,0.2304,,,,
2375,26381,574,254,0.5166,0.2286,,,,
2376,26392,566,254,0.5094,0.2286,,,,
2377,26403,558,254,0.5022,0.2286,,,,
2378,26413,552,252,0.49679999999999996,0.2268,,,,
2379,26425,544,252,0.4896,0.2268,,,,
2380,26437,536,250,0.4824,0.225,,,,
2381,26448,530,250,0.477,0.225,,,,
2382,26462,524,248,0.47159999999999996,0.22319999999999998,,,,
2383,26470,518,248,0.4662,0.22319999999999998,,,,
2384,26481,514,246,0.4626,0.22139999999999999,,,,
2385,26492,510,244,0.45899999999999996,0.2196,,,,
2386,26503,506,244,0.45539999999999997,0.2196,,,,
2387,26514,502,242,0.4518,0.2178,,,,
2388,26527,500,242,0.45,0.2178,,,,
2389,26537,496,240,0.44639999999999996,0.216,,,,
2390,26548,496,240,0.44639999999999996,0.216,,,,
2391,26559,494,240,0.4446,0.216,,,,
2392,26571,494,238,0.4446,0.2142,,,,
2393,26584,496,238,0.44639999999999996,0.2142,,,,
2394,26597,496,236,0.44639999999999996,0.2124,,,,
2395,26605,498,236,0.4482,0.2124,,,,
2396,26615,502,234,0.4518,0.21059999999999998,,,,
2397,26630,504,234,0.4536,0.21059999999999998,,,,
2398,26637,508,232,0.4572,0.20879999999999999,,,,
2399,26648,512,232,0.4608,0.20879999999999999,,,,
2400,26658,518,230,0.4662,0.207,,,,
2401,26670,522,230,0.4698,0.207,,,,
2402,26680,528,228,0.4752,0.2052,,,,
2403,26694,536,228,0.4824,0.2052,,,,
2404,26703,542,226,0.4878,0.2034,,,,
2405,26714,548,226,0.49319999999999997,0.2034,,,,
2406,26726,556,224,0.5004,0.2016,,,,
2407,26737,562,224,0.5058,0.2016,,,,
2408,26747,570,224,0.513,0.2016,,,,
2409,26758,578,222,0.5202,0.1998,,,,
2410,26771,586,222,0.5274,0.1998,,,,
2411,26782,594,222,0.5346,0.1998,,,,
2412,26792,602,220,0.5418,0.19799999999999998,,,,
2413,26806,610,220,0.5489999999999999,0.19799999999999998,,,,
2414,26813,616,220,0.5544,0.19799999999999998,,,,
2415,26825,624,220,0.5616,0.19799999999999998,,,,
2416,26836,630,218,0.567,0.19619999999999999,,,,
2417,26846,636,218,0.5724,0.19619999999999999,,,,
2418,26858,640,218,0.576,0.19619999999999999,,,,
2419,26870,646,218,0.5814,0.19619999999999999,,,,
2420,26880,650,218,0.585,0.19619999999999999,,,,
2421,26892,654,218,0.5886,0.19619999999999999,,,,
2422,26903,658,216,0.5922,0.1944,,,,
2423,26913,662,216,0.5958,0.1944,,,,
2424,26925,664,216,0.5976,0.1944,,,,
2425,26937,666,216,0.5993999999999999,0.1944,,,,
2426,26947,666,216,0.5993999999999999,0.1944,,,,
2427,26958,666,216,0.5993999999999999,0.1944,,,,
2428,26969,666,216,0.5993999999999999,0.1944,,,,
2429,26982,666,216,0.5993999999999999,0.1944,,,,
2430,26995,664,216,0.5976,0.1944,,,,
2431,27005,662,216,0.5958,0.1944,,,,
2432,27015,658,216,0.5922,0.1944,,,,
2433,27029,656,216,0.5904,0.1944,,,,
2434,27038,652,216,0.5868,0.1944,,,,
2435,27056,646,218,0.5814,0.19619999999999999,,,,
2436,27071,642,218,0.5778,0.19619999999999999,,,,
2437,27073,636,218,0.5724,0.19619999999999999,,,,
2438,27081,630,218,0.567,0.19619999999999999,,,,
2439,27092,624,218,0.5616,0.19619999999999999,,,,
2440,27103,616,220,0.5544,0.19799999999999998,,,,
2441,27117,610,220,0.5489999999999999,0.19799999999999998,,,,
2442,27125,602,220,0.5418,0.19799999999999998,,,,
2443,27136,594,220,0.5346,0.19799999999999998,,,,
2444,27148,588,220,0.5292,0.19799999999999998,,,,
2445,27161,580,222,0.522,0.1998,,,,
2446,27171,572,222,0.5148,0.1998,,,,
2447,27181,564,222,0.5075999999999999,0.1998,,,,
2448,27195,558,224,0.5022,0.2016,,,,
2449,27202,550,224,0.495,0.2016,,,,
2450,27214,544,224,0.4896,0.2016,,,,
2451,27226,538,226,0.48419999999999996,0.2034,,,,
2452,27237,530,226,0.477,0.2034,,,,
2453,27247,524,228,0.47159999999999996,0.2052,,,,
2454,27258,520,228,0.46799999999999997,0.2052,,,,
2455,27270,514,230,0.4626,0.207,,,,
2456,27280,510,230,0.45899999999999996,0.207,,,,
2457,27294,506,230,0.45539999999999997,0.207,,,,
2458,27303,504,232,0.4536,0.20879999999999999,,,,
2459,27315,502,234,0.4518,0.21059999999999998,,,,
2460,27327,498,234,0.4482,0.21059999999999998,,,,
2461,27337,498,234,0.4482,0.21059999999999998,,,,
2462,27347,496,236,0.44639999999999996,0.2124,,,,
2463,27367,496,236,0.44639999999999996,0.2124,,,,
2464,27376,498,238,0.4482,0.2142,,,,
2465,27386,498,238,0.4482,0.2142,,,,
2466,27396,500,240,0.45,0.216,,,,
2467,27403,502,240,0.4518,0.216,,,,
2468,27414,506,242,0.45539999999999997,0.2178,,,,
2469,27424,510,242,0.45899999999999996,0.2178,,,,
2470,27437,514,244,0.4626,0.2196,,,,
2471,27447,520,244,0.46799999999999997,0.2196,,,,
2472,27459,524,244,0.47159999999999996,0.2196,,,,
2473,27470,530,246,0.477,0.22139999999999999,,,,
2474,27481,536,246,0.4824,0.22139999999999999,,,,
2475,27492,544,248,0.4896,0.22319999999999998,,,,
2476,27502,550,248,0.495,0.22319999999999998,,,,
2477,27513,558,250,0.5022,0.225,,,,
2478,27528,566,250,0.5094,0.225,,,,
2479,27537,572,252,0.5148,0.2268,,,,
2480,27547,580,252,0.522,0.2268,,,,
2481,27562,588,252,0.5292,0.2268,,,,
2482,27570,596,254,0.5364,0.2286,,,,
2483,27580,602,254,0.5418,0.2286,,,,
2484,27592,610,254,0.5489999999999999,0.2286,,,,
2485,27604,618,254,0.5562,0.2286,,,,
2486,27616,624,254,0.5616,0.2286,,,,
2487,27625,630,256,0.567,0.2304,,,,
2488,27636,638,256,0.5741999999999999,0.2304,,,,
2489,27647,642,256,0.5778,0.2304,,,,
2490,27659,648,256,0.5831999999999999,0.2304,,,,
2491,27670,652,256,0.5868,0.2304,,,,
2492,27681,658,256,0.5922,0.2304,,,,
2493,27692,660,256,0.594,0.2304,,,,
2494,27706,664,258,0.5976,0.2322,,,,
2495,27716,666,258,0.5993999999999999,0.2322,,,,
2496,27727,668,258,0.6012,0.2322,,,,
2497,27742,668,258,0.6012,0.2322,,,,
2498,27750,668,256,0.6012,0.2304,,,,
2499,27758,668,256,0.6012,0.2304,,,,
2500,27769,666,256,0.5993999999999999,0.2304,,,,
2501,27783,664,256,0.5976,0.2304,,,,
2502,27793,662,254,0.5958,0.2286,,,,
2503,27804,660,254,0.594,0.2286,,,,
2504,27814,656,254,0.5904,0.2286,,,,
2505,27827,652,252,0.5868,0.2268,,,,
2506,27838,646,252,0.5814,0.2268,,,,
2507,27849,640,250,0.576,0.225,,,,
2508,27858,636,250,0.5724,0.225,,,,
2509,27869,628,250,0.5652,0.225,,,,
2510,27880,622,248,0.5598,0.22319999999999998,,,,
2511,27891,616,248,0.5544,0.22319999999999998,,,,
2512,27902,608,246,0.5472,0.22139999999999999,,,,
2513,27913,600,246,0.54,0.22139999999999999,,,,
2514,27926,592,244,0.5327999999999999,0.2196,,,,
2515,27936,586,244,0.5274,0.2196,,,,
2516,27947,578,242,0.5202,0.2178,,,,
2517,27959,570,242,0.513,0.2178,,,,
2518,27970,562,240,0.5058,0.216,,,,
2519,27982,554,240,0.4986,0.216,,,,
2520,27994,548,238,0.49319999999999997,0.2142,,,,
2521,28002,540,238,0.486,0.2142,,,,
2522,28014,534,236,0.48059999999999997,0.2124,,,,
2523,28027,528,234,0.4752,0.21059999999999998,,,,
2524,28036,522,234,0.4698,0.21059999999999998,,,,
2525,28047,518,232,0.4662,0.20879999999999999,,,,
2526,28061,512,232,0.4608,0.20879999999999999,,,,
2527,28069,508,230,0.4572,0.207,,,,
2528,28080,504,228,0.4536,0.2052,,,,
2529,28092,502,228,0.4518,0.2052,,,,
2530,28102,500,226,0.45,0.2034,,,,
2531,28115,498,226,0.4482,0.2034,,,,
2532,28125,496,226,0.44639999999999996,0.2034,,,,
2533,28137,496,224,0.44639999999999996,0.2016,,,,
2534,28148,496,224,0.44639999999999996,0.2016,,,,
2535,28160,498,222,0.4482,0.1998,,,,
2536,28169,500,222,0.45,0.1998,,,,
2537,28180,502,220,0.4518,0.19799999999999998,,,,
2538,28192,504,220,0.4536,0.19799999999999998,,,,
2539,28203,508,220,0.4572,0.19799999999999998,,,,
2540,28215,512,218,0.4608,0.19619999999999999,,,,
2541,28225,516,218,0.4644,0.19619999999999999,,,,
2542,28236,522,218,0.4698,0.19619999999999999,,,,
2543,28247,528,216,0.4752,0.1944,,,,
2544,28260,534,216,0.48059999999999997,0.1944,,,,
2545,28270,540,216,0.486,0.1944,,,,
2546,28282,546,214,0.4914,0.1926,,,,
2547,28293,554,214,0.4986,0.1926,,,,
2548,28304,560,214,0.504,0.1926,,,,
2549,28314,568,214,0.5112,0.1926,,,,
2550,28327,576,212,0.5184,0.1908,,,,
2551,28337,582,214,0.5237999999999999,0.1926,,,,
2552,28349,590,212,0.531,0.1908,,,,
2553,28358,598,212,0.5382,0.1908,,,,
2554,28369,606,212,0.5454,0.1908,,,,
2555,28380,612,212,0.5508,0.1908,,,,
2556,28392,620,214,0.5579999999999999,0.1926,,,,
2557,28402,626,214,0.5634,0.1926,,,,
2558,28415,632,214,0.5688,0.1926,,,,
2559,28426,638,214,0.5741999999999999,0.1926,,,,
2560,28436,644,214,0.5796,0.1926,,,,
2561,28447,648,214,0.5831999999999999,0.1926,,,,
2562,28461,652,214,0.5868,0.1926,,,,
2563,28470,656,214,0.5904,0.1926,,,,
2564,28482,658,214,0.5922,0.1926,,,,
2565,28492,662,214,0.5958,0.1926,,,,
2566,28502,664,216,0.5976,0.1944,,,,
2567,28513,664,216,0.5976,0.1944,,,,
2568,28525,666,216,0.5993999999999999,0.1944,,,,
2569,28536,666,216,0.5993999999999999,0.1944,,,,
2570,28547,666,218,0.5993999999999999,0.19619999999999999,,,,
2571,28559,664,218,0.5976,0.19619999999999999,,,,
2572,28570,662,218,0.5958,0.19619999999999999,,,,
2573,28581,660,220,0.594,0.19799999999999998,,,,
2574,28592,656,220,0.5904,0.19799999999999998,,,,
2575,28607,652,222,0.5868,0.1998,,,,
2576,28613,648,222,0.5831999999999999,0.1998,,,,
2577,28625,642,224,0.5778,0.2016,,,,
2578,28637,638,224,0.5741999999999999,0.2016,,,,
2579,28646,632,224,0.5688,0.2016,,,,
2580,28660,626,226,0.5634,0.2034,,,,
2581,28669,620,226,0.5579999999999999,0.2034,,,,
2582,28682,612,228,0.5508,0.2052,,,,
2583,28691,606,228,0.5454,0.2052,,,,
2584,28702,598,230,0.5382,0.207,,,,
2585,28714,590,230,0.531,0.207,,,,
2586,28730,582,230,0.5237999999999999,0.207,,,,
2587,28736,576,232,0.5184,0.20879999999999999,,,,
2588,28747,568,232,0.5112,0.20879999999999999,,,,
2589,28758,560,234,0.504,0.21059999999999998,,,,
2590,28770,552,234,0.49679999999999996,0.21059999999999998,,,,
2591,28780,546,236,0.4914,0.2124,,,,
2592,28792,540,238,0.486,0.2142,,,,
2593,28804,534,238,0.48059999999999997,0.2142,,,,
2594,28817,528,240,0.4752,0.216,,,,
2595,28825,522,240,0.4698,0.216,,,,
2596,28836,518,242,0.4662,0.2178,,,,
2597,28852,512,242,0.4608,0.2178,,,,
2598,28858,508,244,0.4572,0.2196,,,,
2599,28869,506,244,0.45539999999999997,0.2196,,,,
2600,28880,502,246,0.4518,0.22139999999999999,,,,
2601,28891,500,246,0.45,0.22139999999999999,,,,
2602,28902,498,248,0.4482,0.22319999999999998,,,,
2603,28913,498,248,0.4482,0.22319999999999998,,,,
2604,28930,498,248,0.4482,0.22319999999999998,,,,
2605,28938,498,250,0.4482,0.225,,,,
2606,28953,498,250,0.4482,0.225,,,,
2607,28961,500,252,0.45,0.2268,,,,
2608,28972,502,252,0.4518,0.2268,,,,
2609,28981,506,252,0.45539999999999997,0.2268,,,,
2610,28995,508,254,0.4572,0.2286,,,,
2611,29002,512,254,0.4608,0.2286,,,,
2612,29014,518,256,0.4662,0.2304,,,,
2613,29027,522,256,0.4698,0.2304,,,,
2614,29036,528,256,0.4752,0.2304,,,,
2615,29050,534,258,0.48059999999999997,0.2322,,,,
2616,29060,540,258,0.486,0.2322,,,,
2617,29070,548,258,0.49319999999999997,0.2322,,,,
2618,29080,554,260,0.4986,0.23399999999999999,,,,
2619,29092,562,260,0.5058,0.23399999999999999,,,,
2620,29104,570,260,0.513,0.23399999999999999,,,,
2621,29116,576,260,0.5184,0.23399999999999999,,,,
2622,29126,584,260,0.5256,0.23399999999999999,,,,
2623,29136,592,260,0.5327999999999999,0.23399999999999999,,,,
2624,29148,600,260,0.54,0.23399999999999999,,,,
2625,29158,606,260,0.5454,0.23399999999999999,,,,
2626,29169,614,260,0.5526,0.23399999999999999,,,,
2627,29180,620,260,0.5579999999999999,0.23399999999999999,,,,
2628,29194,628,260,0.5652,0.23399999999999999,,,,
2629,29203,634,260,0.5706,0.23399999999999999,,,,
2630,29214,640,260,0.576,0.23399999999999999,,,,
2631,29225,646,260,0.5814,0.23399999999999999,,,,
2632,29236,650,258,0.585,0.2322,,,,
2633,29247,654,258,0.5886,0.2322,,,,
2634,29260,658,258,0.5922,0.2322,,,,
2635,29269,662,258,0.5958,0.2322,,,,
2636,29282,664,258,0.5976,0.2322,,,,
2637,29293,666,256,0.5993999999999999,0.2304,,,,
2638,29303,666,256,0.5993999999999999,0.2304,,,,
2639,29315,666,256,0.5993999999999999,0.2304,,,,
2640,29328,666,254,0.5993999999999999,0.2286,,,,
2641,29337,666,254,0.5993999999999999,0.2286,,,,
2642,29347,664,252,0.5976,0.2268,,,,
2643,29360,662,250,0.5958,0.225,,,,
2644,29370,660,250,0.594,0.225,,,,
2645,29380,656,248,0.5904,0.22319999999999998,,,,
2646,29392,652,248,0.5868,0.22319999999999998,,,,
2647,29403,648,246,0.5831999999999999,0.22139999999999999,,,,
2648,29413,642,244,0.5778,0.2196,,,,
2649,29425,636,244,0.5724,0.2196,,,,
2650,29436,630,242,0.567,0.2178,,,,
2651,29447,624,240,0.5616,0.216,,,,
2652,29458,618,240,0.5562,0.216,,,,
2653,29469,610,238,0.5489999999999999,0.2142,,,,
2654,29480,604,236,0.5436,0.2124,,,,
2655,29491,596,236,0.5364,0.2124,,,,
2656,29504,588,234,0.5292,0.21059999999999998,,,,
2657,29514,580,232,0.522,0.20879999999999999,,,,
2658,29528,574,232,0.5166,0.20879999999999999,,,,
2659,29538,566,230,0.5094,0.207,,,,
2660,29547,558,228,0.5022,0.2052,,,,
2661,29559,552,226,0.49679999999999996,0.2034,,,,
2662,29569,544,226,0.4896,0.2034,,,,
2663,29585,538,224,0.48419999999999996,0.2016,,,,
2664,29595,532,222,0.4788,0.1998,,,,
2665,29603,526,222,0.4734,0.1998,,,,
2666,29613,522,220,0.4698,0.19799999999999998,,,,
2667,29624,516,220,0.4644,0.19799999999999998,,,,
2668,29636,512,218,0.4608,0.19619999999999999,,,,
2669,29647,508,216,0.4572,0.1944,,,,
2670,29661,506,216,0.45539999999999997,0.1944,,,,
2671,29672,502,214,0.4518,0.1926,,,,
2672,29684,500,214,0.45,0.1926,,,,
2673,29691,500,212,0.45,0.1908,,,,
2674,29706,498,212,0.4482,0.1908,,,,
2675,29717,500,212,0.45,0.1908,,,,
2676,29729,500,210,0.45,0.189,,,,
2677,29738,500,210,0.45,0.189,,,,
2678,29748,502,210,0.4518,0.189,,,,
2679,29758,506,208,0.45539999999999997,0.1872,,,,
2680,29770,508,208,0.4572,0.1872,,,,
2681,29781,512,208,0.4608,0.1872,,,,
2682,29792,516,208,0.4644,0.1872,,,,
2683,29802,520,206,0.46799999999999997,0.18539999999999998,,,,
2684,29815,526,206,0.4734,0.18539999999999998,,,,
2685,29824,532,206,0.4788,0.18539999999999998,,,,
2686,29836,538,206,0.48419999999999996,0.18539999999999998,,,,
2687,29848,544,206,0.4896,0.18539999999999998,,,,
2688,29858,550,206,0.495,0.18539999999999998,,,,
2689,29870,558,206,0.5022,0.18539999999999998,,,,
2690,29881,564,206,0.5075999999999999,0.18539999999999998,,,,
2691,29891,572,206,0.5148,0.18539999999999998,,,,
2692,29902,580,206,0.522,0.18539999999999998,,,,
2693,29913,586,206,0.5274,0.18539999999999998,,,,
2694,29925,594,206,0.5346,0.18539999999999998,,,,
2695,29935,602,206,0.5418,0.18539999999999998,,,,
2696,29947,608,206,0.5472,0.18539999999999998,,,,
2697,29961,614,208,0.5526,0.1872,,,,
2698,29969,622,208,0.5598,0.1872,,,,
2699,29980,628,208,0.5652,0.1872,,,,
2700,29991,634,210,0.5706,0.189,,,,
2701,30004,638,210,0.5741999999999999,0.189,,,,
2702,30013,644,210,0.5796,0.189,,,,
2703,30027,648,212,0.5831999999999999,0.1908,,,,
2704,30037,652,212,0.5868,0.1908,,,,
2705,30046,656,214,0.5904,0.1926,,,,
2706,30059,658,214,0.5922,0.1926,,,,
2707,30069,662,214,0.5958,0.1926,,,,
2708,30081,662,216,0.5958,0.1944,,,,
2709,30091,664,216,0.5976,0.1944,,,,
2710,30102,664,218,0.5976,0.19619999999999999,,,,
2711,30114,664,220,0.5976,0.19799999999999998,,,,
2712,30125,662,220,0.5958,0.19799999999999998,,,,
2713,30136,662,222,0.5958,0.1998,,,,
2714,30148,660,224,0.594,0.2016,,,,
2715,30158,656,224,0.5904,0.2016,,,,
2716,30170,652,226,0.5868,0.2034,,,,
2717,30187,648,228,0.5831999999999999,0.2052,,,,
2718,30192,644,228,0.5796,0.2052,,,,
2719,30207,640,230,0.576,0.207,,,,
2720,30215,634,232,0.5706,0.20879999999999999,,,,
2721,30225,628,232,0.5652,0.20879999999999999,,,,
2722,30236,622,234,0.5598,0.21059999999999998,,,,
2723,30254,614,234,0.5526,0.21059999999999998,,,,
2724,30265,608,236,0.5472,0.2124,,,,
2725,30273,600,238,0.54,0.2142,,,,
2726,30284,594,238,0.5346,0.2142,,,,
2727,30295,586,240,0.5274,0.216,,,,
2728,30303,578,242,0.5202,0.2178,,,,
2729,30317,572,242,0.5148,0.2178,,,,
2730,30325,564,244,0.5075999999999999,0.2196,,,,
2731,30337,558,246,0.5022,0.22139999999999999,,,,
2732,30349,550,246,0.495,0.22139999999999999,,,,
2733,30361,544,248,0.4896,0.22319999999999998,,,,
2734,30369,538,250,0.48419999999999996,0.225,,,,
2735,30381,532,250,0.4788,0.225,,,,
2736,30392,526,252,0.4734,0.2268,,,,
2737,30402,520,252,0.46799999999999997,0.2268,,,,
2738,30413,516,254,0.4644,0.2286,,,,
2739,30428,512,254,0.4608,0.2286,,,,
2740,30436,508,256,0.4572,0.2304,,,,
2741,30448,504,256,0.4536,0.2304,,,,
2742,30460,502,258,0.4518,0.2322,,,,
2743,30472,500,258,0.45,0.2322,,,,
2744,30483,500,260,0.45,0.23399999999999999,,,,
2745,30493,498,260,0.4482,0.23399999999999999,,,,
2746,30502,498,260,0.4482,0.23399999999999999,,,,
2747,30517,498,262,0.4482,0.23579999999999998,,,,
2748,30527,500,262,0.45,0.23579999999999998,,,,
2749,30537,502,264,0.4518,0.2376,,,,
2750,30555,504,264,0.4536,0.2376,,,,
2751,30559,508,264,0.4572,0.2376,,,,
2752,30571,512,266,0.4608,0.2394,,,,
2753,30580,516,266,0.4644,0.2394,,,,
2754,30592,520,266,0.46799999999999997,0.2394,,,,
2755,30603,526,266,0.4734,0.2394,,,,
2756,30613,532,266,0.4788,0.2394,,,,
2757,30626,538,268,0.48419999999999996,0.2412,,,,
2758,30639,546,268,0.4914,0.2412,,,,
2759,30647,552,268,0.49679999999999996,0.2412,,,,
2760,30658,560,268,0.504,0.2412,,,,
2761,30670,566,268,0.5094,0.2412,,,,
2762,30681,574,268,0.5166,0.2412,,,,
2763,30692,580,268,0.522,0.2412,,,,
2764,30704,588,268,0.5292,0.2412,,,,
2765,30716,594,266,0.5346,0.2394,,,,
2766,30725,602,266,0.5418,0.2394,,,,
2767,30738,608,266,0.5472,0.2394,,,,
2768,30749,616,264,0.5544,0.2376,,,,
2769,30760,622,264,0.5598,0.2376,,,,
2770,30770,628,264,0.5652,0.2376,,,,
2771,30780,634,262,0.5706,0.23579999999999998,,,,
2772,30793,640,262,0.576,0.23579999999999998,,,,
2773,30804,646,262,0.5814,0.23579999999999998,,,,
2774,30815,650,260,0.585,0.23399999999999999,,,,
2775,30826,654,260,0.5886,0.23399999999999999,,,,
2776,30836,658,258,0.5922,0.2322,,,,
2777,30847,660,258,0.594,0.2322,,,,
2778,30859,662,256,0.5958,0.2304,,,,
2779,30873,664,256,0.5976,0.2304,,,,
2780,30882,664,254,0.5976,0.2286,,,,
2781,30895,664,252,0.5976,0.2268,,,,
2782,30906,664,250,0.5976,0.225,,,,
2783,30916,662,250,0.5958,0.225,,,,
2784,30929,660,248,0.594,0.22319999999999998,,,,
2785,30937,658,246,0.5922,0.22139999999999999,,,,
2786,30948,656,244,0.5904,0.2196,,,,
2787,30958,652,242,0.5868,0.2178,,,,
2788,30969,646,240,0.5814,0.216,,,,
2789,30980,642,238,0.5778,0.2142,,,,
2790,30991,638,238,0.5741999999999999,0.2142,,,,
2791,31003,632,236,0.5688,0.2124,,,,
2792,31015,626,234,0.5634,0.21059999999999998,,,,
2793,31025,620,232,0.5579999999999999,0.20879999999999999,,,,
2794,31035,614,230,0.5526,0.207,,,,
2795,31047,606,230,0.5454,0.207,,,,
2796,31058,600,228,0.54,0.2052,,,,
2797,31071,592,226,0.5327999999999999,0.2034,,,,
2798,31082,586,224,0.5274,0.2016,,,,
2799,31091,578,222,0.5202,0.1998,,,,
2800,31103,570,220,0.513,0.19799999999999998,,,,
2801,31113,564,220,0.5075999999999999,0.19799999999999998,,,,
2802,31126,556,218,0.5004,0.19619999999999999,,,,
2803,31137,550,216,0.495,0.1944,,,,
2804,31148,544,214,0.4896,0.1926,,,,
2805,31158,536,212,0.4824,0.1908,,,,
2806,31168,532,212,0.4788,0.1908,,,,
2807,31180,526,210,0.4734,0.189,,,,
2808,31194,520,208,0.46799999999999997,0.1872,,,,
2809,31203,516,208,0.4644,0.1872,,,,
2810,31214,512,206,0.4608,0.18539999999999998,,,,
2811,31226,508,206,0.4572,0.18539999999999998,,,,
2812,31236,506,204,0.45539999999999997,0.18359999999999999,,,,
2813,31247,504,204,0.4536,0.18359999999999999,,,,
2814,31259,502,202,0.4518,0.1818,,,,
2815,31273,502,202,0.4518,0.1818,,,,
2816,31282,502,202,0.4518,0.1818,,,,
2817,31291,502,200,0.4518,0.18,,,,
2818,31304,502,200,0.4518,0.18,,,,
2819,31315,504,200,0.4536,0.18,,,,
2820,31327,506,198,0.45539999999999997,0.1782,,,,
2821,31336,510,198,0.45899999999999996,0.1782,,,,
2822,31347,512,198,0.4608,0.1782,,,,
2823,31360,516,198,0.4644,0.1782,,,,
2824,31369,520,198,0.46799999999999997,0.1782,,,,
2825,31381,524,198,0.47159999999999996,0.1782,,,,
2826,31392,530,198,0.477,0.1782,,,,
2827,31402,536,196,0.4824,0.1764,,,,
2828,31413,540,196,0.486,0.1764,,,,
2829,31426,548,198,0.49319999999999997,0.1782,,,,
2830,31435,554,198,0.4986,0.1782,,,,
2831,31446,560,198,0.504,0.1782,,,,
2832,31461,568,198,0.5112,0.1782,,,,
2833,31469,574,198,0.5166,0.1782,,,,
2834,31480,582,200,0.5237999999999999,0.18,,,,
2835,31495,590,200,0.531,0.18,,,,
2836,31502,596,202,0.5364,0.1818,,,,
2837,31513,604,202,0.5436,0.1818,,,,
2838,31526,610,202,0.5489999999999999,0.1818,,,,
2839,31538,616,204,0.5544,0.18359999999999999,,,,
2840,31547,622,206,0.5598,0.18539999999999998,,,,
2841,31560,628,206,0.5652,0.18539999999999998,,,,
2842,31569,634,208,0.5706,0.1872,,,,
2843,31580,638,208,0.5741999999999999,0.1872,,,,
2844,31592,644,210,0.5796,0.189,,,,
2845,31602,648,210,0.5831999999999999,0.189,,,,
2846,31614,652,212,0.5868,0.1908,,,,
2847,31625,656,214,0.5904,0.1926,,,,
2848,31637,658,214,0.5922,0.1926,,,,
2849,31646,660,216,0.594,0.1944,,,,
2850,31661,660,218,0.594,0.19619999999999999,,,,
2851,31671,662,220,0.5958,0.19799999999999998,,,,
2852,31681,662,220,0.5958,0.19799999999999998,,,,
2853,31694,662,222,0.5958,0.1998,,,,
2854,31703,660,224,0.594,0.2016,,,,
2855,31713,658,226,0.5922,0.2034,,,,
2856,31728,656,228,0.5904,0.2052,,,,
2857,31736,654,230,0.5886,0.207,,,,
2858,31747,650,232,0.585,0.20879999999999999,,,,
2859,31761,646,234,0.5814,0.21059999999999998,,,,
2860,31769,640,236,0.576,0.2124,,,,
2861,31781,636,238,0.5724,0.2142,,,,
2862,31802,630,238,0.567,0.2142,,,,
2863,31806,624,240,0.5616,0.216,,,,
2864,31815,618,242,0.5562,0.2178,,,,
2865,31828,612,244,0.5508,0.2196,,,,
2866,31836,606,246,0.5454,0.22139999999999999,,,,
2867,31850,598,246,0.5382,0.22139999999999999,,,,
2868,31858,590,248,0.531,0.22319999999999998,,,,
2869,31877,584,250,0.5256,0.225,,,,
2870,31884,576,252,0.5184,0.2268,,,,
2871,31894,570,254,0.513,0.2286,,,,
2872,31903,562,254,0.5058,0.2286,,,,
2873,31915,556,256,0.5004,0.2304,,,,
2874,31924,548,258,0.49319999999999997,0.2322,,,,
2875,31936,542,260,0.4878,0.23399999999999999,,,,
2876,31946,536,260,0.4824,0.23399999999999999,,,,
2877,31958,530,262,0.477,0.23579999999999998,,,,
2878,31969,524,262,0.47159999999999996,0.23579999999999998,,,,
2879,31984,520,264,0.46799999999999997,0.2376,,,,
2880,31997,516,266,0.4644,0.2394,,,,
2881,32005,512,266,0.4608,0.2394,,,,
2882,32017,508,268,0.4572,0.2412,,,,
2883,32025,506,268,0.45539999999999997,0.2412,,,,
2884,32039,502,270,0.4518,0.243,,,,
2885,32047,502,270,0.4518,0.243,,,,
2886,32058,500,270,0.45,0.243,,,,
2887,32069,500,272,0.45,0.2448,,,,
2888,32080,500,272,0.45,0.2448,,,,
2889,32093,502,272,0.4518,0.2448,,,,
2890,32102,502,274,0.4518,0.24659999999999999,,,,
2891,32114,504,274,0.4536,0.24659999999999999,,,,
2892,32125,508,274,0.4572,0.24659999999999999,,,,
2893,32138,510,274,0.45899999999999996,0.24659999999999999,,,,
2894,32147,514,274,0.4626,0.24659999999999999,,,,
2895,32158,518,274,0.4662,0.24659999999999999,,,,
2896,32169,524,276,0.47159999999999996,0.24839999999999998,,,,
2897,32180,528,276,0.4752,0.24839999999999998,,,,
2898,32191,534,274,0.48059999999999997,0.24659999999999999,,,,
2899,32206,540,276,0.486,0.24839999999999998,,,,
2900,32213,548,274,0.49319999999999997,0.24659999999999999,,,,
2901,32225,554,274,0.4986,0.24659999999999999,,,,
2902,32236,560,274,0.504,0.24659999999999999,,,,
2903,32246,568,274,0.5112,0.24659999999999999,,,,
2904,32259,576,274,0.5184,0.24659999999999999,,,,
2905,32269,582,272,0.5237999999999999,0.2448,,,,
2906,32281,590,272,0.531,0.2448,,,,
2907,32291,598,272,0.5382,0.2448,,,,
2908,32304,604,270,0.5436,0.243,,,,
2909,32314,612,270,0.5508,0.243,,,,
2910,32326,618,268,0.5562,0.2412,,,,
2911,32335,624,268,0.5616,0.2412,,,,
2912,32347,630,266,0.567,0.2394,,,,
2913,32360,636,264,0.5724,0.2376,,,,
2914,32370,640,264,0.576,0.2376,,,,
2915,32380,644,262,0.5796,0.23579999999999998,,,,
2916,32391,648,260,0.5831999999999999,0.23399999999999999,,,,
2917,32403,652,260,0.5868,0.23399999999999999,,,,
2918,32413,656,258,0.5904,0.2322,,,,
2919,32426,658,256,0.5922,0.2304,,,,
2920,32435,660,254,0.594,0.2286,,,,
2921,32448,660,252,0.594,0.2268,,,,
2922,32460,660,250,0.594,0.225,,,,
2923,32471,662,248,0.5958,0.22319999999999998,,,,
2924,32480,660,246,0.594,0.22139999999999999,,,,
2925,32491,660,244,0.594,0.2196,,,,
2926,32502,658,242,0.5922,0.2178,,,,
2927,32515,654,240,0.5886,0.216,,,,
2928,32527,652,238,0.5868,0.2142,,,,
2929,32536,648,236,0.5831999999999999,0.2124,,,,
2930,32546,644,234,0.5796,0.21059999999999998,,,,
2931,32557,638,232,0.5741999999999999,0.20879999999999999,,,,
2932,32573,634,230,0.5706,0.207,,,,
2933,32581,628,228,0.5652,0.2052,,,,
2934,32593,622,226,0.5598,0.2034,,,,
2935,32604,616,224,0.5544,0.2016,,,,
2936,32613,610,222,0.5489999999999999,0.1998,,,,
2937,32627,604,220,0.5436,0.19799999999999998,,,,
2938,32637,596,218,0.5364,0.19619999999999999,,,,
2939,32647,590,216,0.531,0.1944,,,,
2940,32660,582,214,0.5237999999999999,0.1926,,,,
2941,32669,576,212,0.5184,0.1908,,,,
2942,32680,568,210,0.5112,0.189,,,,
2943,32693,562,210,0.5058,0.189,,,,
2944,32704,556,208,0.5004,0.1872,,,,
2945,32716,550,206,0.495,0.18539999999999998,,,,
2946,32728,542,204,0.4878,0.18359999999999999,,,,
2947,32737,536,202,0.4824,0.1818,,,,
2948,32746,532,202,0.4788,0.1818,,,,
2949,32758,526,200,0.4734,0.18,,,,
2950,32768,522,200,0.4698,0.18,,,,
2951,32780,518,198,0.4662,0.1782,,,,
2952,32793,514,196,0.4626,0.1764,,,,
2953,32803,512,196,0.4608,0.1764,,,,
2954,32813,508,196,0.4572,0.1764,,,,
2955,32828,506,194,0.45539999999999997,0.1746,,,,
2956,32835,506,194,0.45539999999999997,0.1746,,,,
2957,32847,504,192,0.4536,0.1728,,,,
2958,32860,504,192,0.4536,0.1728,,,,
2959,32871,504,192,0.4536,0.1728,,,,
2960,32880,506,192,0.45539999999999997,0.1728,,,,
2961,32892,506,190,0.45539999999999997,0.17099999999999999,,,,
2962,32902,508,190,0.4572,0.17099999999999999,,,,
2963,32915,512,190,0.4608,0.17099999999999999,,,,
2964,32929,514,190,0.4626,0.17099999999999999,,,,
2965,32936,518,190,0.4662,0.17099999999999999,,,,
2966,32948,522,190,0.4698,0.17099999999999999,,,,
2967,32963,526,190,0.4734,0.17099999999999999,,,,
2968,32969,532,192,0.4788,0.1728,,,,
2969,32983,538,192,0.48419999999999996,0.1728,,,,
2970,32994,544,192,0.4896,0.1728,,,,
2971,33004,550,192,0.495,0.1728,,,,
2972,33014,556,192,0.5004,0.1728,,,,
2973,33030,564,194,0.5075999999999999,0.1746,,,,
2974,33036,570,194,0.513,0.1746,,,,
2975,33048,578,196,0.5202,0.1764,,,,
2976,33058,584,196,0.5256,0.1764,,,,
2977,33070,590,198,0.531,0.1782,,,,
2978,33080,598,198,0.5382,0.1782,,,,
2979,33091,604,200,0.5436,0.18,,,,
2980,33102,610,202,0.5489999999999999,0.1818,,,,
2981,33114,616,202,0.5544,0.1818,,,,
2982,33127,622,204,0.5598,0.18359999999999999,,,,
2983,33137,628,206,0.5652,0.18539999999999998,,,,
2984,33148,634,208,0.5706,0.1872,,,,
2985,33160,638,208,0.5741999999999999,0.1872,,,,
2986,33171,642,210,0.5778,0.189,,,,
2987,33183,646,212,0.5814,0.1908,,,,
2988,33193,650,214,0.585,0.1926,,,,
2989,33202,654,216,0.5886,0.1944,,,,
2990,33213,656,218,0.5904,0.19619999999999999,,,,
2991,33226,658,220,0.5922,0.19799999999999998,,,,
2992,33236,660,222,0.594,0.1998,,,,
2993,33249,660,224,0.594,0.2016,,,,
2994,33264,660,226,0.594,0.2034,,,,
2995,33270,660,228,0.594,0.2052,,,,
2996,33281,658,230,0.5922,0.207,,,,
2997,33291,656,232,0.5904,0.20879999999999999,,,,
2998,33303,654,234,0.5886,0.21059999999999998,,,,
2999,33319,650,236,0.585,0.2124,,,,
3000,33324,646,240,0.5814,0.216,,,,
3001,33339,644,242,0.5796,0.2178,,,,
3002,33347,638,244,0.5741999999999999,0.2196,,,,
3003,33357,634,244,0.5706,0.2196,,,,
3004,33368,628,246,0.5652,0.22139999999999999,,,,
3005,33379,622,250,0.5598,0.225,,,,
3006,33395,616,250,0.5544,0.225,,,,
3007,33404,610,252,0.5489999999999999,0.2268,,,,
3008,33413,602,254,0.5418,0.2286,,,,
3009,33425,596,256,0.5364,0.2304,,,,
3010,33435,590,258,0.531,0.2322,,,,
3011,33448,582,260,0.5237999999999999,0.23399999999999999,,,,
3012,33460,576,262,0.5184,0.23579999999999998,,,,
3013,33474,568,264,0.5112,0.2376,,,,
3014,33481,562,266,0.5058,0.2394,,,,
3015,33493,554,266,0.4986,0.2394,,,,
3016,33502,548,268,0.49319999999999997,0.2412,,,,
3017,33514,542,270,0.4878,0.243,,,,
3018,33528,536,270,0.4824,0.243,,,,
3019,33537,530,272,0.477,0.2448,,,,
3020,33546,524,272,0.47159999999999996,0.2448,,,,
3021,33558,520,274,0.46799999999999997,0.24659999999999999,,,,
3022,33569,516,274,0.4644,0.24659999999999999,,,,
3023,33584,512,276,0.4608,0.24839999999999998,,,,
3024,33591,508,276,0.4572,0.24839999999999998,,,,
3025,33604,506,278,0.45539999999999997,0.2502,,,,
3026,33614,504,278,0.4536,0.2502,,,,
3027,33625,502,280,0.4518,0.252,,,,
3028,33635,502,280,0.4518,0.252,,,,
3029,33648,502,280,0.4518,0.252,,,,
3030,33658,502,280,0.4518,0.252,,,,
3031,33672,502,282,0.4518,0.25379999999999997,,,,
3032,33681,504,280,0.4536,0.252,,,,
3033,33692,506,280,0.45539999999999997,0.252,,,,
3034,33702,510,282,0.45899999999999996,0.25379999999999997,,,,
3035,33716,512,282,0.4608,0.25379999999999997,,,,
3036,33725,518,282,0.4662,0.25379999999999997,,,,
3037,33741,522,280,0.4698,0.252,,,,
3038,33749,526,280,0.4734,0.252,,,,
3039,33758,532,280,0.4788,0.252,,,,
3040,33770,536,280,0.4824,0.252,,,,
3041,33780,542,280,0.4878,0.252,,,,
3042,33794,548,278,0.49319999999999997,0.2502,,,,
3043,33802,556,278,0.5004,0.2502,,,,
3044,33813,562,278,0.5058,0.2502,,,,
3045,33826,568,276,0.5112,0.24839999999999998,,,,
3046,33835,576,276,0.5184,0.24839999999999998,,,,
3047,33847,582,274,0.5237999999999999,0.24659999999999999,,,,
3048,33860,590,274,0.531,0.24659999999999999,,,,
3049,33869,596,272,0.5364,0.2448,,,,
3050,33880,604,272,0.5436,0.2448,,,,
3051,33893,610,270,0.5489999999999999,0.243,,,,
3052,33904,616,268,0.5544,0.2412,,,,
3053,33913,624,268,0.5616,0.2412,,,,
3054,33926,628,266,0.5652,0.2394,,,,
3055,33935,634,264,0.5706,0.2376,,,,
3056,33946,640,262,0.576,0.23579999999999998,,,,
3057,33959,644,260,0.5796,0.23399999999999999,,,,
3058,33968,648,258,0.5831999999999999,0.2322,,,,
3059,33980,650,256,0.585,0.2304,,,,
3060,33991,654,254,0.5886,0.2286,,,,
3061,34002,656,252,0.5904,0.2268,,,,
3062,34013,658,250,0.5922,0.225,,,,
3063,34025,658,248,0.5922,0.22319999999999998,,,,
3064,34035,658,246,0.5922,0.22139999999999999,,,,
3065,34046,658,244,0.5922,0.2196,,,,
3066,34058,658,242,0.5922,0.2178,,,,
3067,34068,656,240,0.5904,0.216,,,,
3068,34080,654,236,0.5886,0.2124,,,,
3069,34091,652,234,0.5868,0.21059999999999998,,,,
3070,34102,648,232,0.5831999999999999,0.20879999999999999,,,,
3071,34113,644,230,0.5796,0.207,,,,
3072,34128,642,228,0.5778,0.2052,,,,
3073,34135,636,226,0.5724,0.2034,,,,
3074,34147,632,224,0.5688,0.2016,,,,
3075,34157,626,222,0.5634,0.1998,,,,
3076,34169,622,220,0.5598,0.19799999999999998,,,,
3077,34181,614,216,0.5526,0.1944,,,,
3078,34191,608,214,0.5472,0.1926,,,,
3079,34205,602,212,0.5418,0.1908,,,,
3080,34219,596,210,0.5364,0.189,,,,
3081,34236,590,208,0.531,0.1872,,,,
3082,34244,582,206,0.5237999999999999,0.18539999999999998,,,,
3083,34272,574,204,0.5166,0.18359999999999999,,,,
3084,34294,568,204,0.5112,0.18359999999999999,,,,
3085,34300,562,202,0.5058,0.1818,,,,
3086,34306,556,200,0.5004,0.18,,,,
3087,34321,548,198,0.49319999999999997,0.1782,,,,
3088,34327,544,196,0.4896,0.1764,,,,
3089,34331,538,196,0.48419999999999996,0.1764,,,,
3090,34356,532,194,0.4788,0.1746,,,,
3091,34361,528,192,0.4752,0.1728,,,,
3092,34369,524,192,0.47159999999999996,0.1728,,,,
3093,34378,520,190,0.46799999999999997,0.17099999999999999,,,,
3094,34388,516,190,0.4644,0.17099999999999999,,,,
3095,34402,512,188,0.4608,0.1692,,,,
3096,34410,510,188,0.45899999999999996,0.1692,,,,
3097,34419,508,188,0.4572,0.1692,,,,
3098,34428,508,186,0.4572,0.1674,,,,
3099,34434,506,186,0.45539999999999997,0.1674,,,,
3100,34444,506,186,0.45539999999999997,0.1674,,,,
3101,34452,506,186,0.45539999999999997,0.1674,,,,
3102,34461,508,186,0.4572,0.1674,,,,
3103,34469,508,186,0.4572,0.1674,,,,
3104,34480,510,186,0.45899999999999996,0.1674,,,,
3105,34496,514,186,0.4626,0.1674,,,,
3106,34502,516,186,0.4644,0.1674,,,,
3107,34524,520,186,0.46799999999999997,0.1674,,,,
3108,34534,524,186,0.47159999999999996,0.1674,,,,
3109,34537,528,186,0.4752,0.1674,,,,
3110,34548,534,188,0.48059999999999997,0.1692,,,,
3111,34560,538,188,0.48419999999999996,0.1692,,,,
3112,34569,544,188,0.4896,0.1692,,,,
3113,34582,550,190,0.495,0.17099999999999999,,,,
3114,34591,556,190,0.5004,0.17099999999999999,,,,
3115,34604,564,192,0.5075999999999999,0.1728,,,,
3116,34614,570,194,0.513,0.1746,,,,
3117,34624,578,194,0.5202,0.1746,,,,
3118,34636,584,196,0.5256,0.1764,,,,
3119,34646,590,198,0.531,0.1782,,,,
3120,34659,598,198,0.5382,0.1782,,,,
3121,34680,604,200,0.5436,0.18,,,,
3122,34687,610,202,0.5489999999999999,0.1818,,,,
3123,34696,616,204,0.5544,0.18359999999999999,,,,
3124,34704,622,206,0.5598,0.18539999999999998,,,,
3125,34717,628,208,0.5652,0.1872,,,,
3126,34725,632,210,0.5688,0.189,,,,
3127,34738,638,212,0.5741999999999999,0.1908,,,,
3128,34749,642,214,0.5778,0.1926,,,,
3129,34760,646,216,0.5814,0.1944,,,,
3130,34770,650,218,0.585,0.19619999999999999,,,,
3131,34782,652,220,0.5868,0.19799999999999998,,,,
3132,34791,654,222,0.5886,0.1998,,,,
3133,34804,656,224,0.5904,0.2016,,,,
3134,34813,658,226,0.5922,0.2034,,,,
3135,34824,658,230,0.5922,0.207,,,,
3136,34836,658,232,0.5922,0.20879999999999999,,,,
3137,34848,658,234,0.5922,0.21059999999999998,,,,
3138,34860,658,236,0.5922,0.2124,,,,
3139,34869,656,240,0.5904,0.216,,,,
3140,34880,652,242,0.5868,0.2178,,,,
3141,34893,650,244,0.585,0.2196,,,,
3142,34901,646,246,0.5814,0.22139999999999999,,,,
3143,34914,642,248,0.5778,0.22319999999999998,,,,
3144,34928,638,250,0.5741999999999999,0.225,,,,
3145,34936,632,252,0.5688,0.2268,,,,
3146,34946,626,254,0.5634,0.2286,,,,
3147,34958,622,256,0.5598,0.2304,,,,
3148,34968,616,258,0.5544,0.2322,,,,
3149,34981,608,260,0.5472,0.23399999999999999,,,,
3150,34995,602,262,0.5418,0.23579999999999998,,,,
3151,35004,594,264,0.5346,0.2376,,,,
3152,35013,588,266,0.5292,0.2394,,,,
3153,35025,582,268,0.5237999999999999,0.2412,,,,
3154,35037,574,270,0.5166,0.243,,,,
3155,35046,568,270,0.5112,0.243,,,,
3156,35059,560,272,0.504,0.2448,,,,
3157,35069,554,274,0.4986,0.24659999999999999,,,,
3158,35079,548,276,0.49319999999999997,0.24839999999999998,,,,
3159,35091,542,276,0.4878,0.24839999999999998,,,,
3160,35103,536,278,0.4824,0.2502,,,,
3161,35115,530,278,0.477,0.2502,,,,
3162,35126,526,280,0.4734,0.252,,,,
3163,35135,520,280,0.46799999999999997,0.252,,,,
3164,35147,518,282,0.4662,0.25379999999999997,,,,
3165,35160,514,282,0.4626,0.25379999999999997,,,,
3166,35169,510,282,0.45899999999999996,0.25379999999999997,,,,
3167,35182,508,284,0.4572,0.2556,,,,
3168,35191,506,284,0.45539999999999997,0.2556,,,,
3169,35207,504,284,0.4536,0.2556,,,,
3170,35213,502,284,0.4518,0.2556,,,,
3171,35226,502,284,0.4518,0.2556,,,,
3172,35236,502,284,0.4518,0.2556,,,,
3173,35258,504,284,0.4536,0.2556,,,,
3174,35264,506,286,0.45539999999999997,0.2574,,,,
3175,35272,508,284,0.4572,0.2556,,,,
3176,35284,510,284,0.45899999999999996,0.2556,,,,
3177,35291,514,284,0.4626,0.2556,,,,
3178,35302,518,284,0.4662,0.2556,,,,
3179,35313,522,284,0.4698,0.2556,,,,
3180,35325,528,284,0.4752,0.2556,,,,
3181,35336,532,282,0.4788,0.25379999999999997,,,,
3182,35347,538,282,0.48419999999999996,0.25379999999999997,,,,
3183,35358,544,280,0.4896,0.252,,,,
3184,35368,550,280,0.495,0.252,,,,
3185,35380,556,280,0.5004,0.252,,,,
3186,35392,564,278,0.5075999999999999,0.2502,,,,
3187,35403,,,,,,,,
